ticker,business_id
NVDA,60a0575ee6ce460e1d86c0e9d281c4f1
AAPL,8adce3ca1cef0c986b22310e369a0793
MSFT,a34bacf839b923770b2c360eefa26748
AMZN,8f19793b2671094e63a15ab883d50137
GOOGL,b197ffdef2ddc3308584dce7afa3661b
META,2e7fc7cb9bf8baacf29f1b7286976f53
MU,781397bc0630d47ab531ea850bddcf63
TSLA,de2d3b18505f768bdf94162f550a2c38
JPM,53adaf494dc89ef7196d73636eb2451b
BRKB,46840443789df3bb6808f5630f54aaff
AMD,55c567fd4395ecef6d936cf77b8d5b2b
XOM,7c4ede33a62160a19586f6e26eaefacf
V,0a87257e5308197df43230edf4ad1dae
WMT,f2e43fa3400d826df4195a9ac70dca62
INTC,7fec306d1e665bc9c748b5d2b99a6e97
MA,51be2fed6c55f5aa0c16ff14c140b187
COST,a10d43b58da3d3cfe649aa6df64fc398
BAC,2cfd4560539f887a5e420412b370b361
CVX,14ea0d5b0cf49525d1866cb1e95ada5d
UNH,acab0116c354964a558e65bdd07ff047
HD,d63fbf8c3173730f82b150c5ef38b8ff
KO,26751be1181460baf78db8d5eb7aad39
PG,dd77279f7d325eec933f05b1672f6a1f
NFLX,22ac864d16d8a302a26790a7c1bd3a8c
GS,4e0d67e54ad6626e957d15b08ae128a6
PM,ff7d0f525b3be596a51fb919492c099c
WFC,9996535e07258a7bbfd8b132435c5962
MS,d47efef46d214080ec3114caffe1f70c
C,2c029952e202c0e560626a4c5980d64c
SNDK,608b30e45f4b60adb254a8127a6da8ef
VZ,aace49c7d80767cffec0e513ae886df0
MCD,e97c864e8ac67f7aed5ce53ec28638f5
PEP,e11943a6031a0e6114ae69c257617980
DIS,50a89b2cf5537c2a9af2fb2095e3387c
AXP,d759175de8ea5b1d9a2660e45554894f
BLK,f60f6b0d129342bb6a226305aaf842b7
SCHW,6ae07dcb33ec3b7c814df797cbda0f87
NEE,a1f13360b1409bb46a82cb79be8f678e
TJX,70f250e2d762fbde8a2e70eabf6eb953
T,f4dd765c12f2ef67f98f3558c282a9cd
WELL,70f6dcc28ef8fc282b0c969e75d9bdfc
BKNG,67491dc40d6ba64b6c58c6fe7c1143bd
WDC,a613863f6a3ada47ae5bca2a558872d1
DE,335d3d1cd7ef05ec77714a215134914c
DELL,e1fd37b63e3ab2d54b2c8828e9a2f9a3
UBER,e67efc618b70e1d8c086366d488386f7
COF,30c8e1ca872524fbf7ea5c519ca397ee
SBUX,a376033f78e144f494bfc743c0be3330
LOW,770c0e7e2af0db73409aa2431aa8f33e
CVS,4f5c422f4d49a5a807eda27434231040
PGR,f0eaf559f89ca17022783964ebe9cdfd
CB,e00406144c1e7e35240afed70f34166a
BX,c44bebb973e14fe539676e0e9155b121
ADBE,e816c635cad85a60fabd6b97b03cbcc9
MO,1ee942c6b182d0f041a2312947385b23
TT,68dda9ac0e393d791c8cbd764b276177
MPC,076db4058c59c7390c4ceec61646ea33
SO,45be58330c9a2ac2bc408ec210820fab
PNC,e038453073d221a4f32d0bab94ca7cee
VLO,35e0330cee09a51fec711dbb3ab371f9
USB,9824f9c1543628a85bb51d2dd6fcf8a3
DUK,a19883fca95d0e5ec7ee6c94c6c32028
INTU,86d7c8a08b4aaa1bc7c599473f5dddda
MMM,d072677d210ac4c03ba046120f0802ec
PSX,4b95fa6b3dfd1c1bd06fc67436c6ecc8
CMCSA,375c71349b295fbe2dcdca9206f20a06
TMUS,c0826819636026dd1f3674774f06c51d
CEG,2406a0a94c80406914ff2f6c9fdd67d5
ELV,2755b2a9d7e77ccc9284db85082d4b31
SHW,2ca3e9b3f5ddd3b02e9294c0ba3940a0
WM,0c16de4187b404ae403594184289f5a3
MDLZ,ebb71045453f38676c40deb9864f811d
DASH,96fc63393168018764dd12a935a74e07
SPOT,5b8950156bfcb39bd63685f9d7fc0023
UPS,df12ecd077efc8c23881028604dbb8cc
TRV,dc6a7e655d7e5840e66733e9ee67cc69
RCL,4cc886eb1587f0a78655ec22c1150760
GM,daa96d9681a21445772454cbddf0cac1
ROST,6af97d7deea1a1d2c76c5c512e66700b
MAR,046ddf96c233a273fd390c3d0b1a9aa4
ORLY,fb5470d5c0e68b71712c659595119328
ABNB,e9bedbe868c12770665dc08a51ef64f9
HOOD,4de2d5612b543aa77e4715fa34bbb81f
SPCX,c671b2d9f9883fcc2a520cc43c0d4f11
FDX,cdf1035c34ec380218a8cc9a43d438f9
CL,1006ff12c465532f8c574aeaa4461b16
CI,8892a892e196010cba5f0562f02744b1
HLT,61d77652c97ef636343742fc3dcf3ba9
TGT,0f3d014eead934bbdbacb62a01dc4831
AEP,eca59bf9810cf944d6c080e4a7b5ac96
ALL,dfce06801e1a85d6d06f1fdd4475dacd
WBD,bfb374483c4ea99f91f403f82a878586
TFC,f39d33d01237d3164094e9fda7b73d6d
MNST,17d29c3576e8a1e642ca431a0173a4fe
AJG,8c620c2faaafd489b4c45b448acac3a0
HCA,0ee8b85a85a49346fdff9665312a5cc4
D,4d386d01419c083e8df5de53eb5a0254
DAL,743394beff4b1282ba735e5e3723ed74
SRE,4e54c9cd958ad9471a21f662d32ef549
PSA,5b18e1a3e2092783aea4b1aa4a894d8a
AFL,abec16f483abb4f1810ca029aadf8446
F,bffc98347ee35b3ead06728d6f073c68
PYPL,ab541d874c7bc19ab77642849e02b89f
MET,01894d6f048493d2cacde3c579c315a3
FITB,5a01f0597ac4bdf35c24846734ee9a76
AMP,8a56257ea05c74018291954fc56fc448
GRMN,29a6aa8af3c942a277478a90aa4cae21
CVNA,4d524d4eae16f9f41630d16a1738b5db
AZO,e13748298cfb23c19fdfd134a2221e7b
CARR,9a0f632c94c13193b5301b7d88712021
XEL,8606f35ec6c77858dfb80a385d0d1151
VST,fce98a8c9d933980092f0dce2370f5d0
ETR,8760d9ee9eca0591cb55437c0f81b114
NKE,093b60fd0557804c8ba0cbf1453da22f
NU,5b566c251db5f997f1068ec79d80a411
EXC,1f5795e7b93f423c397e6f7aaff80133
EBAY,a0a4dffddc52dbc3898e85e6f7fc9802
HUM,c5e1ab9c931df8f5e4c5a8aa53837d52
TTWO,5d541464ac15bfb8f0a537b010d13fa1
VTR,792b2eb6ecb026c35f5d189a2d727003
PRU,eb1e78328c46506b46a4ac4a1e378b91
XYZ,95c8514bfc06f566449738a7e59c98e4
RSG,e0d4973e785d9ba7e752bb44dbdb9aa7
NTRA,32912d2ef46a1979f3b163450ceda47b
YUM,20125fd9b2d43e340a35fb0278da235d
CMG,85dc4e7880813cf9f5329230888645df
UAL,da4902cb0bc38210839714ebdcf0efc3
AIG,e22dd5dabde45eda5a1a67772c8e25dd
KDP,fa58365589f52151f35d83d37d2a198a
ED,3a078aed1b7bab3a57bafbc952ea8aec
IBKR,ddbbf407617f33ad651aa3b259ea88e9
PCG,ee188463935a061dee6df8bf449cb882
PEG,82bedd2b0688d7c4f3ffc279dddd2cf7
HIG,250413d2982f1f83aa62a3a323cd2a87
DHI,ca9541826e97c4530b07dda2eba0e013
EXPE,030e65da2b1c944090548d36b244b28d
MTB,f845ef2c47b3760722e9c78a68cd549f
KMB,4fa91c19016cb1f807ea47b5a959d518
KVUE,a1066a6907f9352e62b65ef8759b1900
CCL,312f1ba2a72318edaaa995a67835fad5
WEC,0c383e8deecbd58d5cbdfd324132b91f
HBAN,ff2d9e29dce3a287da608e021c2b81a5
DXCM,b42a460943b362adace58452b371e99d
NTRS,cac8e13055d2e4f62b6322254203b293
ACGL,a249e437fa1c126bdb94086fe67b738e
COIN,f6f626191fd95b6c53c06fe1b97289e7
RMD,9d37362b4e9ebc276416eaa8e54887a7
CNC,ef8f94395be9fd78b7d0aeecf7864a03
RJF,d7b76edf790923bf7177f7ebba5978df
KR,86a2f353e1e6692c05fe83d6fc79cf9d
CASY,f803adb5fc4a8a2073efe6b927768056
EXR,b7125fc1d0793129c383e8c4b0dadc83
CFG,2d16ed07b1d9714c0882b24afb3d16bb
AEE,de66dbc30377a1f7908db45298324aa3
LYV,0765933456f074d2c75bbbad63af95e6
ZM,5b2bc77fb13164f331427a0a75e9b90e
DTE,7f394a0fbc52688bd7a1a2d03e8c3dd0
HPQ,8cc94afa95782ee6f115551c48d02eff
WSM,92fde850d824c2ba9b563cb6fa4078c3
ATO,86317a3269e7927536b010c2615aeab5
ES,a536fb5480db8bdbb84daffe345c675b
HSY,af950a05051ddf3d1f777ed24eed14a3
EIX,ea7ca94a25a57a5bcccdffc58ae93a9a
DG,a8d2795765fb6a8659fd48d8ca7eb888
RF,690d83983a63aa1818423fd6edd3bfdb
SYF,4d6ba40bb51b34bbf05f136343315737
PPL,b219f59c2dd596abfadbcecfc2277659
CNP,4e881799bcfaeb2369668860ea09068d
AWK,1d7c2aae840867027b7edd17b6aaa0e9
LH,dbbcfa7ee3e6c7e2875268eadd76c449
QSR,acadb671687b41ffd0ecad77abc2e427
CINF,098d86c982354a96556bd861823ebfbd
FE,9f0fd032f17effe47439a28c1ac69e77
CPRT,be5acb71f959598767dd12c4732e537d
DGX,6fb52e71b837628ac16539c1ff911667
TPR,e6d7fb4131b411d0f08a95203b047839
PPG,62459f4e225e2f4f196c9d42f4ad7111
DRI,352832c93157d2d37ced5549ead10491
AVB,9cb4d40fce0492278209290ee3e4ae31
FICO,384babc3e7faa44cf1ca671b74499c3b
PHM,196bbdb6d3630b83b2698350d734619e
PFG,bdbca288fee7f92f2bfa9f7012727740
EQR,7f597181af5ee3fd57fa499fd7d81280
NRG,d0f3cac4d12fa2668b1ffbc4e3254253
RBLX,b5f7ece7cb6db7fffb91753fa3482f4c
DLTR,ae98e3391c4268302e0e8f97c3c005bb
CHD,247d87b085efdb305fa6583ccf1a9f54
TROW,bc5a0265f0adf19c8f285370c58d613a
SOFI,a83f64f50dc8dc834ab2e2080a800c81
THC,5ad742cd15633b26fdce1b80f7b39f7c
FWONK,bf44d84e8b1fd739a8c6c743e28f36f0
ULTA,35d63e6c0f8047f62e48ee97f0bb5b65
BURL,dc2ff5f1be7effb525b145bed225e336
EFX,af1b5754061ebbd4412adfb34c8d3534
AFRM,34e9a0a77a95dac9dc8eff754aea3fd2
KHC,42e05c19eed14b3ae1b811b6ce8054f0
CMS,9eed867b73ab1eab60583c9d4a789b1b
EL,75806e8a1c04cad241934a374c1359c0
KEY,1e3b21cb226c39b6aa4634f820b372f3
RDDT,91508b72557f425572336e865ec5bbf1
GIS,0172d289da48c48de8c5ebf3de9f7ee1
BRO,aecad42329922dfc97eee948606e1f8e
LUV,f0f800c92d191d736c4411f3b3f8ef4a
GH,965571d346185ae14f0185364861685e
CPNG,4a987cb28226e8aac3b605d844f2c71d
NI,7e89a8359796a1df17bd75d09abbefed
ROKU,c6d16d558ca9f98ad8e8fce9b6ded577
EVRG,21d77783781e3c384cd40ce04736cc94
TSCO,aaf9290b7570c56dd784f192425658d4
VTRS,8821e87c009f304bc6177ea0e9404b13
L,1d98e6ad3ed4f30afacadcf23fe145fa
STZ,0d2cf688695b43e2b42d77b481f71222
GPC,a22c0238589078fb10b606ab62015744
EWBC,b751ea087892ebeca363034301f45c69
VIK,fae034d20a4c0184e93c2c5594a934c4
ESS,b62fc92a2561538525c89be63f36bf7b
FCNCA,92812b725ec7e05d5b7e312d7ac9c673
LNT,cafe1b12d45bbffa031f4ef19280ab52
LEN,cc4c87d67c810d57e1a332cb12fdad46
INVH,875fc2355bf0063638f407e6631afbab
NVR,574cdbbbe4c0155fb026c1b2cb5aafa6
BBY,5227b6aaf294f5f027273aebf16015f2
FDXF,158fc2ddd52ec2cf54d3c161f2dd6517
GEN,b3ce3cf51a1b2caf7ce4097a089f5fa7
ARMK,f5b1b89d98b7286673128a5fb112cb9a
SWK,a4c539a9ff207e2e4ad2473683ea97ae
TRU,c96c08f8bb7960e11a1239352a479053
PNFP,7b9226c896ac6346c8f2087125d65704
SN,c27eeb2fa04163cd8faa74645046d020
HST,33936698133cfff4e8303e4edb690110
MAA,e2b487acfcf3c141d90ab786a997e93a
TSN,026c057bceff44399fef0e2d2c53afce
MAS,c9bc734c0663a142b7bec265098f8dbf
EQH,7fdd3696740bf936f29ee8390b21bf19
SUI,aee16bea0870ada0c82453bfedc18b02
UNM,155c582b8ab2645a7fb1af6841262bfd
RL,e4acb4c86de9d2d9a41364f93951028d
RPM,45ada6bd046a60800e6526d31851ea0a
ALLE,a53acc04aac910c603dfd5fb42365e44
RKT,181cd6d78896a89c7c902b8930ee6d35
AIZ,096d3a817a272647f4ada2d6d733a8fb
DINO,7e979363130f1d1f7ff1f9fd4b64ee6e
RIVN,7f9a395a9d6c540b2f25c409c992732d
GL,0276e936e803c9d0dca6323c279c3798
TOL,b629262117de5d7281e973c96b55b2a7
FLUT,ab02629b07d191491da39dd2700754a3
MKC,a1000e4d3784ddc744f538acf99df602
TXRH,3ff35d5b17f95d78ffcf8e465f1b6019
HAS,4dc3ed26a29c9c3df3ec373524377a5b
SGI,79da5cede18a5c66c234e0e7189eee0c
LII,b8b6674d4052e35e4553ac6788eb30b5
CSGP,313f422ac583444ba6045cd122653b0e
FIVE,0a16b09784bae8287858faf95511a66e
GDDY,808e22af6c33eea22608f30cef458844
DECK,a661c28041b100e3187b142c4e5b3c9d
FOXA,dace79ecba31db9337eb06018f950028
DKS,f7e4dd6300aa79c1ba9425a76dcf26f5
SF,eeb358fcbf46e89566ad3fe0707820a0
CLX,d921b5f1255bc037363f4ef541bde33c
WBS,00c9f07b1f0782613ee5d3133d28cc01
FNF,ca1d3153a1cf0ed998d4879fbb50d9ab
LVS,9450e72d4ff1001fe411af5f8b21c16c
ECHO,a57d48399922b03419153a9760c5ce53
GNRC,a805e4d7fe9c62264963adc280161aa7
SJM,8eab914c88e95773ea769310350ad7cb
ALLY,7d6044e95a16761171b130dcb476a43e
OC,c7d0e7e2922845f3e1185d246d01365d
ELS,d569128be43725b0ba6a8caaaebc8fb4
DOCU,c5f453687c90109e1f24e56e728a5470
TKO,0c553a654fc6b63569ed742d34fc5cc9
FHN,5b1ab9a14445eba02811ee2b39583863
DKNG,b14c16c8ee6c5f5596c8c5ba495f9224
UDR,1dc7f3464a4839e6009992502eabb7a1
CHTR,cb3ce9b06932da6faaa7fc70d5b5d2f4
EHC,ab8c8ea63211cafe7233b656c43947fa
BJ,8ab9bb97ce35080338be74dc6375e0ed
PNW,8a94ed73a6730c2b006897d9f5376fcf
LULU,3fde502aa65e2ce159a2a255ac96f632
ALGN,9cd78264cf2cd821ba651485c111a29a
AMH,6e599a2690e47e8b7c0a5f710b567c7b
WTRG,421fbf884e61bd978d4d0af9661cd3db
IVZ,9b590b68204f2eff01c63a042d698838
BPOP,2fc6d604eaee5ed53e0883fb9ced981e
PINS,6aef8bf9a876275d71e1c610ef7c628a
SCI,b0288c1b9e12d4b57d46c3687ee3e305
ELAN,a716e0021b50d23bc2b8bf32f5acef64
ROL,0c0cfd9478c6551fbfe74a7acb6fc037
SEIC,a34e1ddbb4d329167f50992ba59fe45a
CPT,b141df819bb2c9232b37e62a7679f038
COKE,cabf1ca7cf12ab9ee1af7b60475587df
GFL,e0166a41c9613fd8e0684594149d06c0
WTFC,ca4ca9cdf1190e8892de9601d2939e0f
SSB,249a880f1ea4a8c5465d6feb257e9d47
NWSA,b6e584419a62da6229cf347e5ccfa166
PNR,b87daa9b6752c71a0ccc7649053ed699
ZION,08425b881bcde94a383cd258cea331be
MOH,a80ff02f8227904e65413f89ee1719e6
W,35e253435fd1f1506bc5b96e27aedf3e
DPZ,3e9f7c16bd1cdea78f8e2eea72dfdfbe
AES,5fb5faffa458440ddcc9d7a940af0409
PODD,bd38184ee56f9f286f9a4e649a740e42
ENSG,69ed1b5780df5434a2297d4f767e4b1f
AAL,9a5748a2fbaa6564d05d7f2ae29a9355
CFR,7d1465fa9e3d1f2e8d9f310b400c614e
NYT,70d5212dd052b2ef06e5e562f6f9ab9c
ORI,504776a820ff91766e0ab4e239d54ad1
PRI,1da546f25222c1ee710cf7e2f7a3ff0c
AFG,c02a29f0c97e3a3dc711177a8a75c523
MUSA,a81e4c93f260a358d59353ba0c3d2153
OGE,ff4d4032923165911e231b11159b9753
CUBE,3e1a626a9e0c39eb548886c253bf9644
AMG,17be204b5d1cc47c438d83fc0ccc0247
VOYA,f5b73f8ae4c885e2ecd4bf167c63cb35
COLB,63f6019ca436ea42e23a670f0bca5a8f
TTC,3016a447172f3045b65f5fc83e04b554
BEN,11338326597d14a1f7c745853f4d50a8
UHS,38d20dcd4d9c4ab1b6301e450851dea7
MTCH,0f64b5bc40f692ae0932bf7a0d4f9e42
WAL,adb5c5803d7b4060000dfbc22dd214f8
NCLH,75c649d237b5987a08b050cc34c96108
PB,4d2fcdd52cec2c8e7e9d14eb3ad33f78
KMX,33da43228447fdd518bd332110bbefe1
TIGO,4f20f7f5d2e7a1b640ebc8244428558c
LAD,4a6dd8e517e19aa1b2bc9814b8b7c2c7
CRBG,7ae9462e1e562b00e9e7067522c72bed
CHYM,773bf11798fd639e8dc4ff9070a8724c
MGM,d13047d5cbbe5d3f27674d9a6913cb9d
LNC,38087d90fe0083a5d17fef54ed2b3220
CBSH,d4832109dedf29b443ac0534c31bef75
WYNN,58ec67b36289075f93e95cc2fb8cea8a
UGI,da752027a518fdba9fcb5bd16621a59d
NFG,3347738c272f9b8284a991617bdb4e50
SFM,9db788bc42787732ef9957adef1145da
THG,2a10665525774fa2501c2c8c4985ce61
CART,6e235732a6ffa7e2dc45514964958856
OMF,44e749d1ba7af6d46d02bba06dab553f
GME,0e1418311a013ebb344e7fcf8d199cc3
IDA,2890f648b1437ef74f535212ce7787c3
ETSY,688f354100639413a99b136265aa5284
CAG,ba036d228858d76fb89189853a5503bd
LW,b877b4ac4b8f1501aaae576127369d2b
AOS,efdbf45bfc950fc5a2ac0e1511a354b8
CAVA,f5af75cddd6dcd88fbd1b06ef0b2a841
FAF,6e80f81cfb4f44c48c43beedabbae23c
HRL,de4994a3a1ec0331d2c59d37631a4776
H,2b6a8a34a8129b1b07e3f111c3e878af
HRB,54ebdfbbfe6c31c39aaba9a1ee83860a
ONON,c2be53718dbd58d9e9161f413cd43ac2
CHE,64c46b95a53d6e2272c5d0d567ee0d67
MHK,06976433498b040e68f7ca6d3c996f6b
FNB,7ca19b7d197358fa57e6b112f5339d65
MSGS,ea5e6ca8777b3b90a342449489c93432
LKQ,8e4879aaea2ff95607f4b7351842ba81
XP,90aa6a2c997f5f31f14fd7062cfa90d0
M,46a558d97954d0692411c861cf78ef79
TAP,d7c18718502a444a1a88227b0915de84
LYFT,b980fb7c038630b258bc5efe84d33078
CROX,e863fb23a124570677ebdd1933876020
FND,bfc15822b583d87ac2125388f35ec786
CZR,ef35613fc5fa4c4c512d552533f5e6f2
AS,de84f7f3acef3831cf69cf400918cf4e
PRMB,04221815070349c0923cd85e6957bfb3
BROS,95610e96ecd5fff90dda807598d1756d
Z,042886829869470b75f63dddfd7e9d9d
CHDN,30c6b5ab90f30666de1d112fb93d8c77
DVA,d5b3d8dadd770c460b1cde910a711987
VSNT,b2d3e3336113c4013c7151657049cd7c
FBIN,8c8504e30eb2b2aebb41bc24cadfa7ec
DUOL,8d2bd0ccb2f6f762fb19ac66fe09cd76
ALK,2322cdebdd316548126d7ffc388a362c
OZK,6ecb86114277359697f9c16b6ad1d6c4
DBX,5d705114c265135ff39930955a49fc05
ENPH,da6e4471c42deb7d5aff6a681aede3d4
WH,f8b98fff0e06af830aebadf79232fe74
NXST,dcca42e20da80862c1e34fa773619ea5
ELF,1dcaffd99eeb808cd8511d70856f7f83
SLM,75dc29f63a03439c9e00664cb6f2da75
VFC,d6a2be6d87d35c6d161fde16f21a5864
BC,af5baf594e9197b43c9f26f17b205e5b
CHWY,35be46aa9263402aa3915107a00bff4b
MTN,1bd2caf96a17d892c2c7e9959549cfc7
TREX,57396e515bf056889fdebab935df2a97
AN,1977b575ffa6d1708a5e3eb9ccd851cc
MIDD,5cdd58a34f83fc9c9d711c3ed0256135
LLYVK,eff9f344fdd9b97ea827134223f62586
SIRI,8f5e63cc00e87aeb8311fda7569d3c79
IRDM,d75320797f266ba9ed6dd6dc218cb1b5
GAP,08e6bea8e90ba87af3c9554d94db6579
JHX,7c6f8dba4a02404f97b5953d2c4172a7
OLLI,5bcbf903b02e959b739629bb57554e87
CPB,0dc914a07c387e5bb958efd294f17bba
FIGR,57776ea550a5f9634e583cf1576d399f
VVV,92dfa194391a59dc65b88b704599dbd6
TNL,437cd47c397255c658e07c71ad5f8749
JBS,4abd8aac9774b4169aa07c1b1799bf6e
MAT,89d4402dc03d3b7318bbac10203034ab
GSAT,791d3a0048b9c200dceca07f99ddd178
BYD,085774e529f8c6611741cdb352f364bc
MDU,46fc0f334e32b3082a14eb8c97effebb
ADT,1e5fe06531d4d338e29b50dbef5da88f
THO,7bfd175c23b6ab79fdd3ce53e874eda6
LBRDK,c08cd559f8a8e298dc79d0a2556d2424
ACI,3a92930b8f3003142bc5b8f3bf4446b4
LOPE,a0f748a04f35523840b84b7f35e9b299
MORN,8452a95c40e2b232acd9b8a8712935d7
PVH,28bbd522fee8ef2020ff5828be644942
PAG,f5b7ddd5d03ea42eb3cdafa867a325b8
DLB,bce9abf229ffd7e570818476ee5d7dde
BFAM,a10463df69e52e78372b724471434ec9
PLNT,08e4307ea4c13b31d0d64c211e1ef068
BFB,9773d3352e206fef3df91b8757d63b67
BBWI,16aac61bcd3d239962556dbf71e9aff6
YETI,887838ad12fa30cea255061127fdbb37
FHB,36222948d5ac949bd725f62f1d1bd796
BHF,f0157c2d06a84e955769089d348ca3a5
FRPT,078138acb1b36884ddb38e111c5f7dd1
POST,f87a7f6f3f907813be5bf697dab8e909
WING,0ee3cb2aea055a5110f15b8ef4bb8453
HAYW,fe118435c91d798bd66ef6dd9a9c63e0
EEFT,5dd8105fbe17a489b88aa404910ea4fd
SMG,593906af0d138e69f49d251d3e7cbed0
CHH,18b91b19f6a289e7708da7f778b2c609
FRHC,4d8d27362fd2ec5516c80c3cae9cb562
PPLI,955a1584af63a546588caae4d23840b3
UI,40a841a6630f226556feff8811c93d5a
CAR,02b1be0d48924c327124732726097157
WHR,921c2dc40d0b979c2910298d2f880152
HHH,d93fbb5d0d8ec5ade0a56bb2d5a8ea67
CACC,33999278defbe18ba944783fd79e516e
WU,ea6b2efbdd4255a9f1b3bbc6399b58f4
DDS,2e7638c6f7667569fe469fec28c7405b
LBTYA,a7789ef88d599b8df86bbee632b2994d
BIRK,85757856f5eb20b226dc5a8405888f72
REYN,94dd595c8aac595259914d5591699b21
JAN,4aecade1cb7acea755dfc46766b8e930
COLM,204904e461002b28511d5880e1c36a0f
PPC,204fdcae117b31aa8d74aad10e7e37ce
TFSL,76e91437c7f841334f01db0c85a8ec00
SFD,71cb49781564fc9c7f068c32ce167b9b
CBC,bae8ea39fc6c6c10f5882c6c31a2ba4a
UHAL,a00a5feb9d85513dbb96d4d24ef582f2
COO,09559348ab4c41dddc39f6be1a1547fc
CELH,d6228373d9b154056f69df61e1b5f5ac
BOKF,e55bc0255c752d1cb05da10c0f1f5026
DIS,459a4ddcb586f24efd9395aa7662bc7c
HSY,5a722ab2ac2cf9fe289ef43c55a2647c
RDDT,28c34672795fc29068617ab95c3bc6cf
CPB,21c52f533c0c585bab4f075bf08d7104
MKC,d74406826a78033f147793826fb3a08d
BBWI,635440afdfc39fe37995fed127d7df4f
SYF,0b1433ce05529637d9400967598ec36f
ACGL,d6ac41fd8cc61594b177c00fe6a4c638
ESS,42573ea1cc52356b2fcfed8d43b6db2f
L,e1b97c787a5677efa5eba575c41e8688
LAD,d8642e7d5d8666fd86f5b5577a98f1d9
NFG,06fc84d47e897239bad6435de9d4425f
PHM,ef747755847f013eae3a9a76b3b6232c
PNW,ae464177eb55a55a754e08b1b911e595
SFD,3f882a4bb95c43e27924205306955021
UGI,47731d672d1752cd808b8d74c3b4afa1
