rank,ticker,company_name,sector,exchange,location,index_weight_pct,audience_type
1,NVDA,NVIDIA CORP,Information Technology,NASDAQ,United States,7.29,Both
2,AAPL,APPLE INC,Information Technology,NASDAQ,United States,6.12,Both
3,MSFT,MICROSOFT,Information Technology,NASDAQ,United States,5.12,Both
4,AMZN,AMAZON.COM INC,Consumer Discretionary,NASDAQ,United States,3.57,B2C
5,GOOGL,ALPHABET CLASS A,Communication,NASDAQ,United States,2.80,Both
6,AVGO,BROADCOM INC,Information Technology,NASDAQ,United States,2.70,B2B
7,GOOG,ALPHABET CLASS C,Communication,NASDAQ,United States,2.27,Both
8,META,META PLATFORMS CLASS A,Communication,NASDAQ,United States,1.81,Both
9,MU,MICRON TECHNOLOGY,Information Technology,NASDAQ,United States,1.48,Both
10,TSLA,TESLA INC,Consumer Discretionary,NASDAQ,United States,1.38,B2C
11,JPM,JPMORGAN CHASE & CO,Financials,NYSE,United States,1.35,Both
12,LLY,ELI LILLY,Health Care,NYSE,United States,1.34,B2B
13,BRKB,BERKSHIRE HATHAWAY INC CLASS B,Financials,NYSE,United States,1.31,Both
14,AMD,ADVANCED MICRO DEVICES,Information Technology,NASDAQ,United States,1.09,Both
15,XOM,EXXONMOBIL HOLDINGS CORP,Energy,NYSE,United States,0.92,Both
16,JNJ,JOHNSON & JOHNSON,Health Care,NYSE,United States,0.88,B2B
17,V,VISA CLASS A,Financials,NYSE,United States,0.84,Both
18,WMT,WALMART INC,Consumer Staples,NASDAQ,United States,0.70,B2C
19,INTC,INTEL CORPORATION,Information Technology,NASDAQ,United States,0.66,Both
20,MA,MASTERCARD CLASS A,Financials,NYSE,United States,0.64,Both
21,CSCO,CISCO SYSTEMS INC,Information Technology,NASDAQ,United States,0.62,B2B
22,ABBV,ABBVIE,Health Care,NYSE,United States,0.62,B2B
23,COST,COSTCO WHOLESALE CORP,Consumer Staples,NASDAQ,United States,0.59,B2C
24,BAC,BANK OF AMERICA CORP,Financials,NYSE,United States,0.59,Both
25,AMAT,APPLIED MATERIAL INC,Information Technology,NASDAQ,United States,0.59,B2B
26,LRCX,LAM RESEARCH,Information Technology,NASDAQ,United States,0.58,B2B
27,PLTR,PALANTIR TECHNOLOGIES CLASS A,Information Technology,NASDAQ,United States,0.55,B2B
28,CAT,CATERPILLAR INC,Industrials,NYSE,United States,0.54,B2B
29,GE,GE AEROSPACE,Industrials,NYSE,United States,0.52,B2B
30,CVX,CHEVRON CORP,Energy,NYSE,United States,0.51,Both
31,UNH,UNITEDHEALTH GROUP INC,Health Care,NYSE,United States,0.50,Both
32,HD,HOME DEPOT,Consumer Discretionary,NYSE,United States,0.47,B2C
33,KO,COCA-COLA,Consumer Staples,NYSE,United States,0.47,B2C
34,PG,PROCTER & GAMBLE,Consumer Staples,NYSE,United States,0.47,B2C
35,MRK,MERCK & CO INC,Health Care,NYSE,United States,0.47,B2B
36,NFLX,NETFLIX,Communication,NASDAQ,United States,0.46,B2C
37,PANW,PALO ALTO NETWORKS,Information Technology,NASDAQ,United States,0.44,B2B
38,GS,GOLDMAN SACHS GROUP INC,Financials,NYSE,United States,0.42,Both
39,RTX,RTX CORP,Industrials,NYSE,United States,0.41,B2B
40,PM,PHILIP MORRIS INTERNATIONAL INC,Consumer Staples,NYSE,United States,0.41,B2C
41,GEV,GE VERNOVA INC,Industrials,NYSE,United States,0.39,B2B
42,KLAC,KLA,Information Technology,NASDAQ,United States,0.38,B2B
43,WFC,WELLS FARGO,Financials,NYSE,United States,0.37,Both
44,ORCL,ORACLE,Information Technology,NYSE,United States,0.37,B2B
45,TXN,TEXAS INSTRUMENT INC,Information Technology,NASDAQ,United States,0.34,B2B
46,MS,MORGAN STANLEY,Financials,NYSE,United States,0.34,Both
47,C,CITIGROUP INC,Financials,NYSE,United States,0.33,Both
48,CRWD,CROWDSTRIKE HOLDINGS CLASS A,Information Technology,NASDAQ,United States,0.31,B2B
49,AMGN,AMGEN INC,Health Care,NASDAQ,United States,0.31,B2B
50,IBM,INTERNATIONAL BUSINESS MACHINES CO,Information Technology,NYSE,United States,0.31,B2B
51,SNDK,SANDISK,Information Technology,NASDAQ,United States,0.31,Both
52,TMO,THERMO FISHER SCIENTIFIC INC,Health Care,NYSE,United States,0.31,B2B
53,LIN,LINDE PLC,Materials,NASDAQ,United States,0.31,B2B
54,ANET,ARISTA NETWORKS INC,Information Technology,NYSE,United States,0.29,B2B
55,APH,AMPHENOL CORP CLASS A,Information Technology,NYSE,United States,0.28,B2B
56,VZ,VERIZON COMMUNICATIONS INC,Communication,NYSE,United States,0.28,Both
57,MRVL,MARVELL TECHNOLOGY,Information Technology,NASDAQ,United States,0.27,B2B
58,MCD,MCDONALDS CORP,Consumer Discretionary,NYSE,United States,0.27,B2C
59,ABT,ABBOTT LABORATORIES,Health Care,NYSE,United States,0.27,B2B
60,PEP,PEPSICO INC,Consumer Staples,NASDAQ,United States,0.27,B2C
61,ADI,ANALOG DEVICES,Information Technology,NASDAQ,United States,0.26,B2B
62,DIS,WALT DISNEY,Communication,NYSE,United States,0.26,Both
63,AXP,AMERICAN EXPRESS,Financials,NYSE,United States,0.25,Both
64,BLK,BLACKROCK,Financials,NYSE,United States,0.25,Both
65,SCHW,CHARLES SCHWAB,Financials,NYSE,United States,0.25,Both
66,NEE,NEXTERA ENERGY,Utilities,NYSE,United States,0.25,Both
67,UNP,UNION PACIFIC,Industrials,NYSE,United States,0.25,B2B
68,ETN,EATON PLC,Industrials,NYSE,United States,0.24,B2B
69,BA,BOEING,Industrials,NYSE,United States,0.24,B2B
70,QCOM,QUALCOMM,Information Technology,NASDAQ,United States,0.24,B2B
71,GILD,GILEAD SCIENCES INC,Health Care,NASDAQ,United States,0.24,B2B
72,TJX,TJX,Consumer Discretionary,NYSE,United States,0.24,B2C
73,T,AT&T INC,Communication,NYSE,United States,0.23,Both
74,WELL,WELLTOWER,Real Estate,NYSE,United States,0.23,Both
75,BKNG,BOOKING HOLDINGS,Consumer Discretionary,NASDAQ,United States,0.23,B2C
76,WDC,WESTERN DIGITAL CORP,Information Technology,NASDAQ,United States,0.23,Both
77,CRM,SALESFORCE,Information Technology,NYSE,United States,0.22,B2B
78,PFE,PFIZER,Health Care,NYSE,United States,0.21,B2B
79,COP,CONOCOPHILLIPS,Energy,NYSE,United States,0.21,B2B
80,DE,DEERE,Industrials,NYSE,United States,0.21,Both
81,DELL,DELL TECHNOLOGIES INC CLASS C,Other,NYSE,United States,0.21,Both
82,UBER,UBER TECHNOLOGIES,Industrials,NYSE,United States,0.21,Both
83,ISRG,INTUITIVE SURGICAL INC,Health Care,NASDAQ,United States,0.20,B2B
84,COF,CAPITAL ONE FINANCIAL CORP,Financials,NYSE,United States,0.19,Both
85,PH,PARKER-HANNIFIN CORP,Industrials,NYSE,United States,0.19,B2B
86,PLD,PROLOGIS REIT,Real Estate,NYSE,United States,0.19,B2B
87,BMY,BRISTOL MYERS SQUIBB,Health Care,NYSE,United States,0.18,B2B
88,VRTX,VERTEX PHARMACEUTICALS,Health Care,NASDAQ,United States,0.18,B2B
89,NOW,SERVICENOW INC,Information Technology,NYSE,United States,0.18,B2B
90,DHR,DANAHER CORP,Health Care,NYSE,United States,0.18,B2B
91,GLW,CORNING,Information Technology,NYSE,United States,0.17,B2B
92,SPGI,S&P GLOBAL INC,Financials,NYSE,United States,0.17,B2B
93,SBUX,STARBUCKS CORP,Consumer Discretionary,NASDAQ,United States,0.17,B2C
94,LOW,LOWES COMPANIES INC,Consumer Discretionary,NYSE,United States,0.17,B2C
95,NEM,NEWMONT,Materials,NYSE,United States,0.17,B2B
96,CVS,CVS HEALTH,Health Care,NYSE,United States,0.17,Both
97,PGR,PROGRESSIVE CORP,Financials,NYSE,United States,0.17,B2C
98,CB,CHUBB,Financials,NYSE,United States,0.17,Both
99,LMT,LOCKHEED MARTIN CORP,Industrials,NYSE,United States,0.17,B2B
100,SYK,STRYKER,Health Care,NYSE,United States,0.16,B2B
101,MDT,MEDTRONIC PLC,Health Care,NYSE,United States,0.16,B2B
102,SNOW,SNOWFLAKE,Information Technology,NYSE,United States,0.16,B2B
103,HWM,HOWMET AEROSPACE,Industrials,NYSE,United States,0.16,B2B
104,BX,BLACKSTONE,Financials,NYSE,United States,0.15,Both
105,BNY,BANK OF NEW YORK MELLON CORP,Financials,NYSE,United States,0.15,B2B
106,ADP,AUTOMATIC DATA PROCESSING INC,Industrials,NASDAQ,United States,0.15,B2B
107,VRT,VERTIV HOLDINGS CLASS A,Industrials,NYSE,United States,0.15,B2B
108,ACN,ACCENTURE PLC CLASS A,Information Technology,NYSE,United States,0.15,B2B
109,ADBE,ADOBE INC,Information Technology,NASDAQ,United States,0.15,Both
110,MO,ALTRIA GROUP INC,Consumer Staples,NYSE,United States,0.15,B2C
111,TT,TRANE TECHNOLOGIES PLC,Industrials,NYSE,United States,0.15,Both
112,EQIX,EQUINIX REIT,Real Estate,NASDAQ,United States,0.15,B2B
113,MPC,MARATHON PETROLEUM,Energy,NYSE,United States,0.15,Both
114,MCK,MCKESSON CORP,Health Care,NYSE,United States,0.15,B2B
115,NET,CLOUDFLARE CLASS A,Information Technology,NYSE,United States,0.15,B2B
116,SO,SOUTHERN,Utilities,NYSE,United States,0.14,Both
117,PNC,PNC FINANCIAL SERVICES GROUP,Financials,NYSE,United States,0.14,Both
118,VLO,VALERO ENERGY CORP,Energy,NYSE,United States,0.14,Both
119,USB,US BANCORP,Financials,NYSE,United States,0.14,Both
120,GD,GENERAL DYNAMICS CORP,Industrials,NYSE,United States,0.14,B2B
121,FTNT,FORTINET,Information Technology,NASDAQ,United States,0.14,B2B
122,PWR,QUANTA SERVICES INC,Industrials,NYSE,United States,0.14,B2B
123,DUK,DUKE ENERGY CORP,Utilities,NYSE,United States,0.13,Both
124,CME,CME GROUP CLASS A,Financials,NASDAQ,United States,0.13,B2B
125,INTU,INTUIT,Information Technology,NASDAQ,United States,0.13,Both
126,FCX,FREEPORT MCMORAN INC,Materials,NYSE,United States,0.13,B2B
127,MMM,3M,Industrials,NYSE,United States,0.13,Both
128,CSX,CSX,Industrials,NASDAQ,United States,0.13,B2B
129,PSX,PHILLIPS 66,Energy,NYSE,United States,0.13,Both
130,CMCSA,COMCAST CLASS A,Communication,NASDAQ,United States,0.13,Both
131,JCI,JOHNSON CONTROLS INTERNATIONAL PLC,Industrials,NYSE,United States,0.13,B2B
132,EMR,EMERSON ELECTRIC,Industrials,NYSE,United States,0.13,B2B
133,MRSH,MARSH INC,Financials,NYSE,United States,0.13,B2B
134,CDNS,CADENCE DESIGN SYSTEMS,Information Technology,NASDAQ,United States,0.12,B2B
135,TMUS,T MOBILE US INC,Communication,NASDAQ,United States,0.12,Both
136,CEG,CONSTELLATION ENERGY CORP,Utilities,NASDAQ,United States,0.12,Both
137,WMB,WILLIAMS,Energy,NYSE,United States,0.12,B2B
138,CMI,CUMMINS INC,Industrials,NYSE,United States,0.12,B2B
139,ICE,INTERCONTINENTAL EXCHANGE INC,Financials,NYSE,United States,0.12,B2B
140,ELV,ELEVANCE HEALTH INC,Health Care,NYSE,United States,0.12,Both
141,ITW,ILLINOIS TOOL INC,Industrials,NYSE,United States,0.12,B2B
142,SHW,SHERWIN WILLIAMS,Materials,NYSE,United States,0.12,Both
143,WM,WASTE MANAGEMENT INC,Industrials,NYSE,United States,0.12,Both
144,DDOG,DATADOG INC CLASS A,Information Technology,NASDAQ,United States,0.11,B2B
145,REGN,REGENERON PHARMACEUTICALS,Health Care,NASDAQ,United States,0.11,B2B
146,MDLZ,MONDELEZ INTERNATIONAL INC CLASS A,Consumer Staples,NASDAQ,United States,0.11,B2C
147,AMT,AMERICAN TOWER REIT,Real Estate,NYSE,United States,0.11,B2B
148,DASH,DOORDASH CLASS A,Consumer Discretionary,NASDAQ,United States,0.11,B2C
149,HPE,HEWLETT PACKARD ENTERPRISE,Information Technology,NYSE,United States,0.11,B2B
150,KKR,KKR AND CO INC,Financials,NYSE,United States,0.11,B2B
151,SPOT,SPOTIFY TECHNOLOGY,Communication,NYSE,Sweden,0.11,Both
152,UPS,UNITED PARCEL SERVICE INC CLASS B,Industrials,NYSE,United States,0.11,Both
153,TRV,TRAVELERS COMPANIES,Financials,NYSE,United States,0.11,Both
154,RCL,ROYAL CARIBBEAN GROUP,Consumer Discretionary,NYSE,United States,0.11,B2C
155,GM,GENERAL MOTORS,Consumer Discretionary,NYSE,United States,0.11,B2C
156,SLB,SLB NV,Energy,NYSE,United States,0.11,B2B
157,ROST,ROSS STORES INC,Consumer Discretionary,NASDAQ,United States,0.11,B2C
158,MAR,MARRIOTT INTERNATIONAL CLASS A,Consumer Discretionary,NASDAQ,United States,0.11,B2C
159,MSI,MOTOROLA SOLUTIONS INC,Information Technology,NYSE,United States,0.11,B2B
160,ORLY,OREILLY AUTOMOTIVE INC,Consumer Discretionary,NASDAQ,United States,0.11,Both
161,NOC,NORTHROP GRUMMAN CORP,Industrials,NYSE,United States,0.11,B2B
162,SNPS,SYNOPSYS,Information Technology,NASDAQ,United States,0.11,B2B
163,BSX,BOSTON SCIENTIFIC CORP,Health Care,NYSE,United States,0.11,B2B
164,ABNB,AIRBNB CLASS A,Consumer Discretionary,NASDAQ,United States,0.11,B2C
165,HOOD,ROBINHOOD MARKETS CLASS A,Financials,NASDAQ,United States,0.11,B2C
166,NSC,NORFOLK SOUTHERN CORP,Industrials,NYSE,United States,0.11,B2B
167,EOG,EOG RESOURCES,Energy,NYSE,United States,0.10,B2B
168,APP,APPLOVIN CLASS A,Communication,NASDAQ,United States,0.10,B2B
169,SPCX,SPACE EXPLORATION TECHNOLOGIES COR,Communication,NASDAQ,United States,0.10,Both
170,AON,AON PLC CLASS A,Financials,NYSE,United States,0.10,B2B
171,HON,HONEYWELL INTERNATIONAL INC,Industrials,NASDAQ,United States,0.10,B2B
172,FDX,FEDEX CORP,Industrials,NYSE,United States,0.10,Both
173,CL,COLGATE-PALMOLIVE,Consumer Staples,NYSE,United States,0.10,B2C
174,MCO,MOODYS CORP,Financials,NYSE,United States,0.10,B2B
175,CI,CIGNA,Health Care,NYSE,United States,0.10,Both
176,HLT,HILTON WORLDWIDE HOLDINGS INC,Consumer Discretionary,NYSE,United States,0.10,B2C
177,DLR,DIGITAL REALTY TRUST REIT,Real Estate,NYSE,United States,0.10,B2B
178,SPG,SIMON PROPERTY GROUP REIT INC,Real Estate,NYSE,United States,0.10,B2B
179,TGT,TARGET CORP,Consumer Staples,NYSE,United States,0.10,B2C
180,URI,UNITED RENTALS,Industrials,NYSE,United States,0.10,B2B
181,TDG,TRANSDIGM GROUP,Industrials,NYSE,United States,0.10,B2B
182,ECL,ECOLAB,Materials,NYSE,United States,0.09,B2B
183,CTAS,CINTAS,Industrials,NASDAQ,United States,0.09,B2B
184,AEP,AMERICAN ELECTRIC POWER INC,Utilities,NASDAQ,United States,0.09,Both
185,PCAR,PACCAR INC,Industrials,NASDAQ,United States,0.09,B2B
186,APD,AIR PRODUCTS AND CHEMICALS,Materials,NYSE,United States,0.09,B2B
187,ALL,ALLSTATE CORP,Financials,NYSE,United States,0.09,B2C
188,WBD,WARNER BROS. DISCOVERY SERIES A,Communication,NASDAQ,United States,0.09,Both
189,TFC,TRUIST FINANCIAL,Financials,NYSE,United States,0.09,Both
190,MNST,MONSTER BEVERAGE CORP,Consumer Staples,NASDAQ,United States,0.09,B2C
191,CRH,CRH PUBLIC LIMITED PLC,Materials,NYSE,United States,0.09,B2B
192,AJG,ARTHUR J GALLAGHER,Financials,NYSE,United States,0.09,Both
193,MPWR,MONOLITHIC POWER SYSTEMS INC,Information Technology,NASDAQ,United States,0.09,B2B
194,TER,TERADYNE,Information Technology,NASDAQ,United States,0.09,B2B
195,BE,BLOOM ENERGY CLASS A,Industrials,NYSE,United States,0.09,B2B
196,BKR,BAKER HUGHES CLASS A,Energy,NASDAQ,United States,0.09,B2B
197,LITE,LUMENTUM HOLDINGS,Information Technology,NASDAQ,United States,0.09,B2B
198,KMI,KINDER MORGAN,Energy,NYSE,United States,0.09,B2B
199,CIEN,CIENA,Information Technology,NYSE,United States,0.09,B2B
200,HCA,HCA HEALTHCARE INC,Health Care,NYSE,United States,0.09,Both
201,APO,APOLLO GLOBAL MANAGEMENT,Financials,NYSE,United States,0.08,B2B
202,KEYS,KEYSIGHT TECHNOLOGIES,Information Technology,NYSE,United States,0.08,B2B
203,D,DOMINION ENERGY INC,Utilities,NYSE,United States,0.08,Both
204,FIX,COMFORT SYSTEMS USA,Industrials,NYSE,United States,0.08,B2B
205,NUE,NUCOR CORP,Materials,NYSE,United States,0.08,B2B
206,DAL,DELTA AIR LINES,Industrials,NYSE,United States,0.08,Both
207,FAST,FASTENAL,Industrials,NASDAQ,United States,0.08,B2B
208,O,REALTY INCOME REIT,Real Estate,NYSE,United States,0.08,B2B
209,OKE,ONEOK,Energy,NYSE,United States,0.08,B2B
210,AME,AMETEK INC,Industrials,NYSE,United States,0.08,B2B
211,COHR,COHERENT,Information Technology,NYSE,United States,0.08,B2B
212,COR,CENCORA,Health Care,NYSE,United States,0.08,B2B
213,GWW,WW GRAINGER INC,Industrials,NYSE,United States,0.08,B2B
214,TRGP,TARGA RESOURCES,Energy,NYSE,United States,0.08,B2B
215,SRE,SEMPRA,Utilities,NYSE,United States,0.08,Both
216,LNG,CHENIERE ENERGY INC,Energy,NYSE,United States,0.08,B2B
217,PSA,PUBLIC STORAGE REIT,Real Estate,NYSE,United States,0.08,B2C
218,AFL,AFLAC,Financials,NYSE,United States,0.08,Both
219,ADSK,AUTODESK,Information Technology,NASDAQ,United States,0.08,B2B
220,F,FORD MOTOR CO,Consumer Discretionary,NYSE,United States,0.08,B2C
221,PYPL,PAYPAL HOLDINGS INC,Financials,NASDAQ,United States,0.08,Both
222,CAH,CARDINAL HEALTH,Health Care,NYSE,United States,0.07,B2B
223,HONA,HONEYWELL AEROSPACE INC,Industrials,NASDAQ,United States,0.07,B2B
224,LHX,L3HARRIS TECHNOLOGIES,Industrials,NYSE,United States,0.07,B2B
225,EW,EDWARDS LIFESCIENCES,Health Care,NYSE,United States,0.07,B2B
226,MET,METLIFE,Financials,NYSE,United States,0.07,Both
227,FITB,FIFTH THIRD BANCORP,Financials,NYSE,United States,0.07,Both
228,BDX,BECTON DICKINSON,Health Care,NYSE,United States,0.07,B2B
229,AMP,AMERIPRISE FINANCE INC,Financials,NYSE,United States,0.07,Both
230,GRMN,GARMIN,Consumer Discretionary,NYSE,United States,0.07,B2C
231,CTVA,CORTEVA,Materials,NYSE,United States,0.07,B2B
232,CVNA,CARVANA CLASS A,Consumer Discretionary,NYSE,United States,0.07,B2C
233,STT,STATE STREET,Financials,NYSE,United States,0.07,B2B
234,WAB,WESTINGHOUSE AIR BRAKE TECHNOLOGIE,Industrials,NYSE,United States,0.07,B2B
235,ROK,ROCKWELL AUTOMATION INC,Industrials,NYSE,United States,0.07,B2B
236,DVN,DEVON ENERGY,Energy,NYSE,United States,0.07,B2B
237,AZO,AUTOZONE INC,Consumer Discretionary,NYSE,United States,0.07,Both
238,CARR,CARRIER GLOBAL,Industrials,NYSE,United States,0.07,Both
239,ALAB,ASTERA LABS,Information Technology,NASDAQ,United States,0.07,B2B
240,XEL,XCEL ENERGY INC,Utilities,NASDAQ,United States,0.07,Both
241,VST,VISTRA,Utilities,NYSE,United States,0.07,Both
242,ETR,ENTERGY CORP,Utilities,NYSE,United States,0.07,Both
243,NKE,NIKE CLASS B,Consumer Discretionary,NYSE,United States,0.07,B2C
244,NU,NU HOLDINGS CLASS A,Financials,NYSE,Brazil,0.07,B2C
245,AU,ANGLOGOLD ASHANTI PLC,Materials,NYSE,South Africa,0.07,B2B
246,FERG,FERGUSON ENTERPRISES INC,Industrials,NYSE,United States,0.07,B2B
247,AXON,AXON ENTERPRISE,Industrials,NASDAQ,United States,0.07,B2B
248,EXC,EXELON CORP,Utilities,NASDAQ,United States,0.07,Both
249,EBAY,EBAY,Consumer Discretionary,NASDAQ,United States,0.06,B2C
250,HUM,HUMANA,Health Care,NYSE,United States,0.06,Both
251,FLEX,FLEX LTD,Information Technology,NASDAQ,United States,0.06,B2B
252,IDXX,IDEXX LABORATORIES INC,Health Care,NASDAQ,United States,0.06,B2B
253,TTWO,TAKE TWO INTERACTIVE SOFTWARE,Communication,NASDAQ,United States,0.06,B2C
254,CBRE,CBRE GROUP CLASS A,Real Estate,NYSE,United States,0.06,B2B
255,CRDO,CREDO TECHNOLOGY GROUP HOLDING LTD,Information Technology,NASDAQ,United States,0.06,B2B
256,VTR,VENTAS REIT,Real Estate,NYSE,United States,0.06,Both
257,NDAQ,NASDAQ INC,Financials,NASDAQ,United States,0.06,B2B
258,PRU,PRUDENTIAL FINANCIAL INC,Financials,NYSE,United States,0.06,Both
259,XYZ,BLOCK CLASS A,Financials,NYSE,United States,0.06,Both
260,RKLB,ROCKET LAB CORP,Industrials,NASDAQ,United States,0.06,B2B
261,RSG,REPUBLIC SERVICES INC,Industrials,NYSE,United States,0.06,Both
262,NTRA,NATERA,Health Care,NASDAQ,United States,0.06,Both
263,WDAY,WORKDAY CLASS A,Information Technology,NASDAQ,United States,0.06,B2B
264,A,AGILENT TECHNOLOGIES INC,Health Care,NYSE,United States,0.06,B2B
265,OXY,OCCIDENTAL PETROLEUM CORP,Energy,NYSE,United States,0.06,B2B
266,YUM,YUM BRANDS,Consumer Discretionary,NYSE,United States,0.06,B2C
267,CMG,CHIPOTLE MEXICAN GRILL,Consumer Discretionary,NYSE,United States,0.06,B2C
268,MCHP,MICROCHIP TECHNOLOGY INC,Information Technology,NASDAQ,United States,0.06,B2B
269,UAL,UNITED AIRLINES HOLDINGS,Industrials,NASDAQ,United States,0.06,Both
270,ROP,ROPER TECHNOLOGIES,Information Technology,NASDAQ,United States,0.06,B2B
271,WAT,WATERS CORP,Health Care,NYSE,United States,0.06,B2B
272,AIG,AMERICAN INTERNATIONAL GROUP,Financials,NYSE,United States,0.06,Both
273,MSCI,MSCI INC,Financials,NYSE,United States,0.06,B2B
274,ODFL,OLD DOMINION FREIGHT LINE,Industrials,NASDAQ,United States,0.06,B2B
275,PAYX,PAYCHEX,Industrials,NASDAQ,United States,0.06,B2B
276,NTAP,NETAPP INC,Information Technology,NASDAQ,United States,0.06,B2B
277,KDP,KEURIG DR PEPPER INC,Consumer Staples,NASDAQ,United States,0.06,B2C
278,IQV,IQVIA HOLDINGS INC,Health Care,NYSE,United States,0.06,B2B
279,ED,CONSOLIDATED EDISON,Utilities,NYSE,United States,0.06,Both
280,SYY,SYSCO,Consumer Staples,NYSE,United States,0.06,B2B
281,IBKR,INTERACTIVE BROKERS GROUP INC CLAS,Financials,NASDAQ,United States,0.06,Both
282,JBL,JABIL,Information Technology,NYSE,United States,0.05,B2B
283,RVMD,REVOLUTION MEDICINES,Health Care,NASDAQ,United States,0.05,B2B
284,ADM,ARCHER DANIELS MIDLAND,Consumer Staples,NYSE,United States,0.05,B2B
285,PCG,PG&E CORP,Utilities,NYSE,United States,0.05,Both
286,FANG,DIAMONDBACK ENERGY,Energy,NASDAQ,United States,0.05,B2B
287,VEEV,VEEVA SYSTEMS CLASS A,Health Care,NYSE,United States,0.05,B2B
288,PEG,PUBLIC SERVICE ENTERPRISE GROUP IN,Utilities,NYSE,United States,0.05,Both
289,HIG,HARTFORD INSURANCE GROUP,Financials,NYSE,United States,0.05,Both
290,IRM,IRON MOUNTAIN INC,Real Estate,NYSE,United States,0.05,B2B
291,DHI,D R HORTON INC,Consumer Discretionary,NYSE,United States,0.05,B2C
292,EXPE,EXPEDIA GROUP,Consumer Discretionary,NASDAQ,United States,0.05,B2C
293,MTB,M&T BANK,Financials,NYSE,United States,0.05,Both
294,CRWV,COREWEAVE CLASS A,Information Technology,NASDAQ,United States,0.05,B2B
295,P,EVERPURE INC CLASS A,Information Technology,NYSE,United States,0.05,B2B
296,TWLO,TWILIO CLASS A,Information Technology,NYSE,United States,0.05,B2B
297,MDB,MONGODB CLASS A,Information Technology,NASDAQ,United States,0.05,B2B
298,EME,EMCOR GROUP INC,Industrials,NYSE,United States,0.05,B2B
299,KMB,KIMBERLY CLARK,Consumer Staples,NASDAQ,United States,0.05,B2C
300,KVUE,KENVUE,Consumer Staples,NYSE,United States,0.05,B2C
301,CCL,CARNIVAL CORP LTD,Consumer Discretionary,NYSE,United States,0.05,B2C
302,WEC,WEC ENERGY GROUP INC,Utilities,NYSE,United States,0.05,Both
303,VMC,VULCAN MATERIALS,Materials,NYSE,United States,0.05,B2B
304,HBAN,HUNTINGTON BANCSHARES INC,Financials,NASDAQ,United States,0.05,Both
305,STLD,STEEL DYNAMICS INC,Materials,NASDAQ,United States,0.05,B2B
306,DXCM,DEXCOM INC,Health Care,NASDAQ,United States,0.05,Both
307,NTRS,NORTHERN TRUST,Financials,NASDAQ,United States,0.05,Both
308,ACGL,ARCH CAPITAL GROUP,Financials,NASDAQ,United States,0.05,Both
309,COIN,COINBASE GLOBAL INC CLASS A,Financials,NASDAQ,United States,0.05,Both
310,GEHC,GE HEALTHCARE TECHNOLOGIES,Health Care,NASDAQ,United States,0.05,B2B
311,SUNB,SUNBELT RENTALS HOLDINGS INC,Industrials,NYSE,United Kingdom,0.05,B2B
312,CCI,CROWN CASTLE INC,Real Estate,NYSE,United States,0.05,B2B
313,IR,INGERSOLL RAND INC,Industrials,NYSE,United States,0.05,B2B
314,RMD,RESMED,Health Care,NYSE,United States,0.05,Both
315,EQT,EQT,Energy,NYSE,United States,0.05,B2B
316,CNC,CENTENE CORP,Health Care,NYSE,United States,0.05,Both
317,MLM,MARTIN MARIETTA MATERIALS,Materials,NYSE,United States,0.05,B2B
318,ON,ON SEMICONDUCTOR CORP,Information Technology,NASDAQ,United States,0.04,B2B
319,RJF,RAYMOND JAMES,Financials,NYSE,United States,0.04,Both
320,ZTS,ZOETIS INC CLASS A,Health Care,NYSE,United States,0.04,B2B
321,KR,KROGER,Consumer Staples,NYSE,United States,0.04,B2C
322,CASY,CASEYS GENERAL STORES INC,Consumer Staples,NASDAQ,United States,0.04,B2C
323,MSTR,STRATEGY INC CLASS A,Information Technology,NASDAQ,United States,0.04,B2B
324,WTW,WILLIS TOWERS WATSON,Financials,NASDAQ,United States,0.04,B2B
325,EXR,EXTRA SPACE STORAGE REIT,Real Estate,NYSE,United States,0.04,B2C
326,CFG,CITIZENS FINANCIAL GROUP INC,Financials,NYSE,United States,0.04,Both
327,BIIB,BIOGEN,Health Care,NASDAQ,United States,0.04,B2B
328,CBOE,CBOE GLOBAL MARKETS,Financials,Cboe BZX,United States,0.04,B2B
329,TDY,TELEDYNE TECHNOLOGIES INC,Information Technology,NYSE,United States,0.04,B2B
330,ATI,ATI INC,Industrials,NYSE,United States,0.04,B2B
331,AEE,AMEREN,Utilities,NYSE,United States,0.04,Both
332,FTI,TECHNIPFMC PLC,Energy,NYSE,United States,0.04,B2B
333,ALNY,ALNYLAM PHARMACEUTICALS,Health Care,NASDAQ,United States,0.04,B2B
334,LPLA,LPL FINANCIAL HOLDINGS,Financials,NASDAQ,United States,0.04,B2B
335,Q,QNITY ELECTRONICS,Information Technology,NYSE,United States,0.04,B2B
336,LYV,LIVE NATION ENTERTAINMENT,Communication,NYSE,United States,0.04,B2C
337,ZM,ZOOM COMMUNICATIONS CLASS A,Information Technology,NASDAQ,United States,0.04,Both
338,FISV,FISERV INC,Financials,NASDAQ,United States,0.04,B2B
339,ARES,ARES MANAGEMENT CLASS A,Financials,NYSE,United States,0.04,B2B
340,ILMN,ILLUMINA INC,Health Care,NASDAQ,United States,0.04,B2B
341,DTE,DTE ENERGY,Utilities,NYSE,United States,0.04,Both
342,MTD,METTLER TOLEDO,Health Care,NYSE,United States,0.04,B2B
343,VICI,VICI PPTYS INC,Real Estate,NYSE,United States,0.04,B2B
344,HPQ,HP INC,Information Technology,NYSE,United States,0.04,Both
345,XYL,XYLEM INC,Industrials,NYSE,United States,0.04,B2B
346,WSM,WILLIAMS SONOMA INC,Consumer Discretionary,NYSE,United States,0.04,B2C
347,CTSH,COGNIZANT TECHNOLOGY SOLUTIONS CLA,Information Technology,NASDAQ,United States,0.04,B2B
348,OTIS,OTIS WORLDWIDE,Industrials,NYSE,United States,0.04,B2B
349,ATO,ATMOS ENERGY,Utilities,NYSE,United States,0.04,Both
350,TEAM,ATLASSIAN CORP CLASS A,Information Technology,NASDAQ,United States,0.04,B2B
351,DOV,DOVER CORP,Industrials,NYSE,United States,0.04,B2B
352,ES,EVERSOURCE ENERGY,Utilities,NYSE,United States,0.04,Both
353,HAL,HALLIBURTON,Energy,NYSE,United States,0.04,B2B
354,HSY,HERSHEY FOODS,Consumer Staples,NYSE,United States,0.04,B2C
355,NVT,NVENT ELECTRIC PLC,Industrials,NYSE,United States,0.04,B2B
356,INSM,INSMED INC,Health Care,NASDAQ,United States,0.04,B2B
357,EIX,EDISON INTERNATIONAL,Utilities,NYSE,United States,0.04,Both
358,CPAY,CORPAY,Financials,NYSE,United States,0.04,B2B
359,DG,DOLLAR GENERAL CORP,Consumer Staples,NYSE,United States,0.04,B2C
360,RF,REGIONS FINANCIAL,Financials,NYSE,United States,0.04,Both
361,SYF,SYNCHRONY FINANCIAL,Financials,NYSE,United States,0.04,Both
362,PPL,PPL CORP,Utilities,NYSE,United States,0.04,Both
363,HUBB,HUBBELL INC,Industrials,NYSE,United States,0.04,B2B
364,CNP,CENTERPOINT ENERGY,Utilities,NYSE,United States,0.04,Both
365,AWK,AMERICAN WATER WORKS,Utilities,NYSE,United States,0.04,Both
366,LH,LABCORP HOLDINGS,Health Care,NYSE,United States,0.04,Both
367,QSR,RESTAURANTS BRANDS INTERNATIONAL,Consumer Discretionary,NYSE,Canada,0.04,B2C
368,CINF,CINCINNATI FINANCIAL,Financials,NASDAQ,United States,0.04,Both
369,OKTA,OKTA CLASS A,Information Technology,NASDAQ,United States,0.04,B2B
370,SW,SMURFIT WESTROCK PLC,Materials,NYSE,United States,0.04,B2B
371,FE,FIRSTENERGY CORP,Utilities,NYSE,United States,0.04,Both
372,CPRT,COPART INC,Industrials,NASDAQ,United States,0.04,Both
373,DGX,QUEST DIAGNOSTICS INC,Health Care,NYSE,United States,0.04,Both
374,TPR,TAPESTRY,Consumer Discretionary,NYSE,United States,0.04,B2C
375,CRS,CARPENTER TECHNOLOGY,Industrials,NYSE,United States,0.04,B2B
376,PPG,PPG INDUSTRIES,Materials,NYSE,United States,0.04,Both
377,DRI,DARDEN RESTAURANTS INC,Consumer Discretionary,NYSE,United States,0.04,B2C
378,CW,CURTISS WRIGHT,Industrials,NYSE,United States,0.04,B2B
379,AVB,AVALONBAY COMMUNITIES REIT,Real Estate,NYSE,United States,0.04,B2C
380,FICO,FAIR ISAAC,Information Technology,NYSE,United States,0.03,Both
381,OMC,OMNICOM GROUP INC,Communication,NYSE,United States,0.03,B2B
382,EXPD,EXPEDITORS INTERNATIONAL OF WASHIN,Industrials,NYSE,United States,0.03,B2B
383,ENTG,ENTEGRIS INC,Information Technology,NASDAQ,United States,0.03,B2B
384,PHM,PULTEGROUP,Consumer Discretionary,NYSE,United States,0.03,B2C
385,PFG,PRINCIPAL FINANCIAL GROUP INC,Financials,NASDAQ,United States,0.03,Both
386,EQR,EQUITY RESIDENTIAL REIT,Real Estate,NYSE,United States,0.03,B2C
387,NRG,NRG ENERGY INC,Utilities,NYSE,United States,0.03,Both
388,VRSK,VERISK ANALYTICS,Industrials,NASDAQ,United States,0.03,B2B
389,RPRX,ROYALTY PHARMA PLC CLASS A,Health Care,NASDAQ,United States,0.03,B2B
390,WST,WEST PHARMACEUTICAL SERVICES,Health Care,NYSE,United States,0.03,B2B
391,USFD,US FOODS HOLDING,Consumer Staples,NYSE,United States,0.03,B2B
392,RBLX,ROBLOX CORP CLASS A,Communication,NYSE,United States,0.03,B2C
393,XPO,XPO INC,Industrials,NYSE,United States,0.03,B2B
394,DLTR,DOLLAR TREE INC,Consumer Staples,NASDAQ,United States,0.03,B2C
395,CHD,CHURCH AND DWIGHT INC,Consumer Staples,NYSE,United States,0.03,B2C
396,VLTO,VERALTO CORP,Industrials,NYSE,United States,0.03,B2B
397,FFIV,F5 INC,Information Technology,NASDAQ,United States,0.03,B2B
398,TROW,T ROWE PRICE GROUP,Financials,NASDAQ,United States,0.03,Both
399,VRSN,VERISIGN,Information Technology,NASDAQ,United States,0.03,B2B
400,SOFI,SOFI TECHNOLOGIES,Financials,NASDAQ,United States,0.03,Both
401,STE,STERIS,Health Care,NYSE,United States,0.03,B2B
402,MRNA,MODERNA INC,Health Care,NASDAQ,United States,0.03,B2B
403,FIS,FIDELITY NATIONAL INFORMATION SERV,Financials,NYSE,United States,0.03,B2B
404,MKL,MARKEL GROUP,Financials,NYSE,United States,0.03,B2B
405,FSLR,FIRST SOLAR,Information Technology,NASDAQ,United States,0.03,B2B
406,THC,TENET HEALTHCARE CORP,Health Care,NYSE,United States,0.03,Both
407,FWONK,LIBERTY MEDIA FORMULA ONE SERIES C,Communication,NASDAQ,United States,0.03,Both
408,ULTA,ULTA BEAUTY INC,Consumer Discretionary,NASDAQ,United States,0.03,B2C
409,PKG,PACKAGING CORP OF AMERICA,Materials,NYSE,United States,0.03,B2B
410,BURL,BURLINGTON STORES,Consumer Discretionary,NYSE,United States,0.03,B2C
411,EFX,EQUIFAX,Industrials,NYSE,United States,0.03,Both
412,AFRM,AFFIRM HOLDINGS CLASS A,Financials,NASDAQ,United States,0.03,Both
413,FTAI,FTAI AVIATION,Industrials,NASDAQ,United States,0.03,B2B
414,SMCI,SUPER MICRO COMPUTER INC,Information Technology,NASDAQ,United States,0.03,B2B
415,GPN,GLOBAL PAYMENTS INC,Financials,NYSE,United States,0.03,B2B
416,DOW,DOW,Materials,NYSE,United States,0.03,B2B
417,KHC,KRAFT HEINZ,Consumer Staples,NASDAQ,United States,0.03,B2C
418,IP,INTERNATIONAL PAPER,Materials,NYSE,United States,0.03,B2B
419,EXE,EXPAND ENERGY,Energy,NASDAQ,United States,0.03,B2B
420,IFF,INTERNATIONAL FLAVORS & FRAGRANCES,Materials,NYSE,United States,0.03,B2B
421,RS,RELIANCE STEEL & ALUMINUM,Materials,NYSE,United States,0.03,B2B
422,CMS,CMS ENERGY,Utilities,NYSE,United States,0.03,Both
423,EL,ESTEE LAUDER INC CLASS A,Consumer Staples,NYSE,United States,0.03,B2C
424,WWD,WOODWARD,Industrials,NASDAQ,United States,0.03,B2B
425,BAM,BROOKFIELD ASSET MANAGEMENT VOTING,Financials,NYSE,Canada,0.03,B2B
426,KEY,KEYCORP,Financials,NYSE,United States,0.03,Both
427,JBHT,JB HUNT TRANSPORT SERVICES INC,Industrials,NASDAQ,United States,0.03,B2B
428,AMCR,AMCOR PLC,Materials,NYSE,United States,0.03,B2B
429,RDDT,REDDIT CLASS A,Communication,NYSE,United States,0.03,Both
430,GIS,GENERAL MILLS INC,Consumer Staples,NYSE,United States,0.03,B2C
431,BRO,BROWN & BROWN INC,Financials,NYSE,United States,0.03,Both
432,LUV,SOUTHWEST AIRLINES,Industrials,NYSE,United States,0.03,Both
433,UTHR,UNITED THERAPEUTICS,Health Care,NASDAQ,United States,0.03,B2B
434,MKSI,MKS,Information Technology,NASDAQ,United States,0.03,B2B
435,HEIA,HEICO CLASS A,Industrials,NYSE,United States,0.03,B2B
436,MTSI,MACOM TECHNOLOGY SOLUTIONS,Information Technology,NASDAQ,United States,0.03,B2B
437,SNA,SNAP ON INC,Industrials,NYSE,United States,0.03,B2B
438,GH,GUARDANT HEALTH,Health Care,NASDAQ,United States,0.03,Both
439,CPNG,COUPANG CLASS A,Consumer Discretionary,NYSE,United States,0.03,B2C
440,FN,FABRINET,Information Technology,NYSE,United States,0.03,B2B
441,NI,NISOURCE,Utilities,NYSE,United States,0.03,Both
442,TPL,TEXAS PACIFIC LAND,Energy,NYSE,United States,0.03,B2B
443,INCY,INCYTE CORP,Health Care,NASDAQ,United States,0.03,B2B
444,BR,BROADRIDGE FINANCIAL SOLUTIONS INC,Industrials,NYSE,United States,0.03,B2B
445,ROKU,ROKU CLASS A,Communication,NASDAQ,United States,0.03,Both
446,DD,DUPONT DE NEMOURS,Industrials,NYSE,United States,0.03,B2B
447,ZS,ZSCALER,Information Technology,NASDAQ,United States,0.03,B2B
448,SBAC,SBA COMMUNICATIONS REIT CORP CLASS,Real Estate,NASDAQ,United States,0.03,B2B
449,SNX,TD SYNNEX,Information Technology,NYSE,United States,0.03,B2B
450,EVRG,EVERGY,Utilities,NASDAQ,United States,0.03,Both
451,ITT,ITT INC,Industrials,NYSE,United States,0.03,B2B
452,ZBH,ZIMMER BIOMET HOLDINGS,Health Care,NYSE,United States,0.03,B2B
453,RGLD,ROYAL GOLD,Materials,NASDAQ,United States,0.03,B2B
454,TSCO,TRACTOR SUPPLY,Consumer Discretionary,NASDAQ,United States,0.03,B2C
455,CDE,COEUR MINING,Materials,NYSE,United States,0.03,B2B
456,VTRS,VIATRIS,Health Care,NASDAQ,United States,0.03,Both
457,L,LOEWS,Financials,NYSE,United States,0.03,Both
458,STZ,CONSTELLATION BRANDS CLASS A,Consumer Staples,NYSE,United States,0.03,B2C
459,FTV,FORTIVE,Industrials,NYSE,United States,0.03,B2B
460,GPC,GENUINE PARTS,Consumer Discretionary,NYSE,United States,0.03,Both
461,EWBC,EAST WEST BANCORP,Financials,NASDAQ,United States,0.03,Both
462,PTC,PTC,Information Technology,NASDAQ,United States,0.03,B2B
463,VIK,VIKING HOLDINGS LTD,Consumer Discretionary,NYSE,United States,0.03,B2C
464,ESS,ESSEX PROPERTY TRUST REIT,Real Estate,NYSE,United States,0.03,B2C
465,ASTS,AST SPACEMOBILE CLASS A,Communication,NASDAQ,United States,0.03,B2B
466,ZBRA,ZEBRA TECHNOLOGIES CORP CLASS A,Information Technology,NASDAQ,United States,0.03,B2B
467,FCNCA,FIRST CITIZENS BANCSHARES INC CLAS,Financials,NASDAQ,United States,0.03,Both
468,LNT,ALLIANT ENERGY CORP,Utilities,NASDAQ,United States,0.03,Both
469,CDW,CDW,Information Technology,NASDAQ,United States,0.03,B2B
470,LEN,LENNAR A CORP CLASS A,Consumer Discretionary,NYSE,United States,0.03,B2C
471,AKAM,AKAMAI TECHNOLOGIES INC,Information Technology,NASDAQ,United States,0.03,B2B
472,INVH,INVITATION HOMES,Real Estate,NYSE,United States,0.02,B2C
473,CF,CF INDUSTRIES HOLDINGS INC,Materials,NYSE,United States,0.02,B2B
474,MTZ,MASTEC INC,Industrials,NYSE,United States,0.02,B2B
475,WY,WEYERHAEUSER REIT,Real Estate,NYSE,United States,0.02,B2B
476,LDOS,LEIDOS HOLDINGS,Industrials,NYSE,United States,0.02,B2B
477,ROIV,ROIVANT SCIENCES LTD,Health Care,NASDAQ,United States,0.02,B2B
478,CHRW,CH ROBINSON WORLDWIDE,Industrials,NASDAQ,United States,0.02,B2B
479,IEX,IDEX,Industrials,NYSE,United States,0.02,B2B
480,LSCC,LATTICE SEMICONDUCTOR,Information Technology,NASDAQ,United States,0.02,B2B
481,WCC,WESCO INTERNATIONAL,Industrials,NYSE,United States,0.02,B2B
482,OVV,OVINTIV,Energy,NYSE,United States,0.02,B2B
483,NTNX,NUTANIX CLASS A,Information Technology,NASDAQ,United States,0.02,B2B
484,SCCO,SOUTHERN COPPER CORP,Materials,NYSE,Peru,0.02,B2B
485,IONQ,IONQ,Information Technology,NYSE,United States,0.02,B2B
486,RBC,RBC BEARINGS,Industrials,NYSE,United States,0.02,B2B
487,NLY,ANNALY CAPITAL MANAGEMENT REIT INC,Financials,NYSE,United States,0.02,B2B
488,JLL,JONES LANG LASALLE,Real Estate,NYSE,United States,0.02,B2B
489,SSNC,SS AND C TECHNOLOGIES HOLDINGS,Industrials,NASDAQ,United States,0.02,B2B
490,TOST,TOAST CLASS A,Financials,NYSE,United States,0.02,B2B
491,J,JACOBS SOLUTIONS INC,Industrials,NYSE,United States,0.02,B2B
492,NVR,NVR,Consumer Discretionary,NYSE,United States,0.02,B2C
493,PR,PERMIAN RESOURCES CLASS A,Energy,NYSE,United States,0.02,B2B
494,STRL,STERLING INFRASTRUCTURE,Industrials,NASDAQ,United States,0.02,B2B
495,ONTO,ONTO INNOVATION,Information Technology,NYSE,United States,0.02,B2B
496,APG,API GROUP,Industrials,NYSE,United States,0.02,B2B
497,BBY,BEST BUY,Consumer Discretionary,NYSE,United States,0.02,B2C
498,RGA,REINSURANCE GROUP OF AMERICA,Financials,NYSE,United States,0.02,B2B
499,U,UNITY SOFTWARE,Information Technology,NYSE,United States,0.02,B2B
500,BALL,BALL CORP,Materials,NYSE,United States,0.02,B2B
501,FDXF,FEDEX FREIGHT HOLDING COMPANY INC,Industrials,NYSE,United States,0.02,Both
502,TLN,TALEN ENERGY CORP,Utilities,NASDAQ,United States,0.02,B2B
503,NDSN,NORDSON,Industrials,NASDAQ,United States,0.02,B2B
504,RBRK,RUBRIK CLASS A,Information Technology,NYSE,United States,0.02,B2B
505,KIM,KIMCO REALTY REIT CORP,Real Estate,NYSE,United States,0.02,B2B
506,GEN,GEN DIGITAL,Information Technology,NASDAQ,United States,0.02,B2C
507,CLH,CLEAN HARBORS INC,Industrials,NYSE,United States,0.02,B2B
508,ARMK,ARAMARK,Consumer Discretionary,NYSE,United States,0.02,Both
509,RBA,RB GLOBAL,Industrials,NYSE,Canada,0.02,B2B
510,WRB,WR BERKLEY,Financials,NYSE,United States,0.02,B2B
511,SWK,STANLEY BLACK & DECKER INC,Industrials,NYSE,United States,0.02,Both
512,LYB,LYONDELLBASELL INDUSTRIES CLASS A,Materials,NYSE,United States,0.02,B2B
513,MDLN,MEDLINE CLASS A,Health Care,NASDAQ,United States,0.02,B2B
514,TRU,TRANSUNION,Industrials,NYSE,United States,0.02,Both
515,HEI,HEICO,Industrials,NYSE,United States,0.02,B2B
516,PNFP,PINNACLE FINANCIAL PARTNERS INC,Financials,NYSE,United States,0.02,Both
517,WPC,W. P. CAREY REIT INC,Real Estate,NYSE,United States,0.02,B2B
518,PFGC,PERFORMANCE FOOD GROUP,Consumer Staples,NYSE,United States,0.02,B2B
519,SN,SHARKNINJA,Consumer Discretionary,NYSE,United States,0.02,B2C
520,HST,HOST HOTELS & RESORTS REIT,Real Estate,NASDAQ,United States,0.02,B2C
521,GWRE,GUIDEWIRE SOFTWARE,Information Technology,NYSE,United States,0.02,B2B
522,BWXT,BWX TECHNOLOGIES INC,Industrials,NYSE,United States,0.02,B2B
523,MAA,MID AMERICA APARTMENT COMMUNITIES,Real Estate,NYSE,United States,0.02,B2C
524,NXT,NEXTPOWER INC CLASS A,Industrials,NASDAQ,United States,0.02,B2B
525,TSN,TYSON FOODS INC CLASS A,Consumer Staples,NYSE,United States,0.02,Both
526,ALB,ALBEMARLE CORP,Materials,NYSE,United States,0.02,B2B
527,SITM,SITIME,Information Technology,NASDAQ,United States,0.02,B2B
528,TXT,TEXTRON INC,Industrials,NYSE,United States,0.02,B2B
529,DT,DYNATRACE INC,Information Technology,NYSE,United States,0.02,B2B
530,LECO,LINCOLN ELECTRIC HOLDINGS INC,Industrials,NASDAQ,United States,0.02,B2B
531,BG,BUNGE GLOBAL SA,Consumer Staples,NYSE,United States,0.02,B2B
532,CSL,CARLISLE COMPANIES,Industrials,NYSE,United States,0.02,B2B
533,MAS,MASCO,Industrials,NYSE,United States,0.02,Both
534,EQH,EQUITABLE HOLDINGS INC,Financials,NYSE,United States,0.02,Both
535,NBIX,NEUROCRINE BIOSCIENCES,Health Care,NASDAQ,United States,0.02,B2B
536,COO,COOPER,Health Care,NASDAQ,United States,0.02,Both
537,SUI,SUN COMMUNITIES REIT INC,Real Estate,NYSE,United States,0.02,B2C
538,CACI,CACI INTERNATIONAL INC CLASS A,Industrials,NYSE,United States,0.02,B2B
539,UNM,UNUM,Financials,NYSE,United States,0.02,Both
540,JAZZ,JAZZ PHARMACEUTICALS PLC,Health Care,NASDAQ,United States,0.02,B2B
541,MLI,MUELLER INDUSTRIES INC,Industrials,NYSE,United States,0.02,B2B
542,DOC,HEALTHPEAK PROPERTIES,Real Estate,NYSE,United States,0.02,B2B
543,EG,EVEREST GROUP LTD,Financials,NYSE,United States,0.02,B2B
544,IREN,IREN,Information Technology,NASDAQ,United States,0.02,B2B
545,RL,RALPH LAUREN CLASS A,Consumer Discretionary,NYSE,United States,0.02,B2C
546,RPM,RPM INTERNATIONAL INC,Materials,NYSE,United States,0.02,Both
547,ALLE,ALLEGION PLC,Industrials,NYSE,United States,0.02,Both
548,RKT,ROCKET COMPANIES INC CLASS A,Financials,NYSE,United States,0.02,B2C
549,AIZ,ASSURANT INC,Financials,NYSE,United States,0.02,Both
550,DINO,HF SINCLAIR,Energy,NYSE,United States,0.02,Both
551,TTMI,TTM TECHNOLOGIES INC,Information Technology,NASDAQ,United States,0.02,B2B
552,APA,APA,Energy,NASDAQ,United States,0.02,B2B
553,IOT,SAMSARA CLASS A,Information Technology,NYSE,United States,0.02,B2B
554,RIVN,RIVIAN AUTOMOTIVE INC CLASS A,Consumer Discretionary,NASDAQ,United States,0.02,B2C
555,GL,GLOBE LIFE,Financials,NYSE,United States,0.02,B2C
556,TOL,TOLL BROTHERS INC,Consumer Discretionary,NYSE,United States,0.02,B2C
557,AVY,AVERY DENNISON CORP,Materials,NYSE,United States,0.02,B2B
558,QXO,QXO INC,Industrials,NYSE,United States,0.02,B2B
559,REG,REGENCY CENTERS REIT CORP,Real Estate,NASDAQ,United States,0.02,B2B
560,FLUT,FLUTTER ENTERTAINMENT PLC,Consumer Discretionary,NYSE,United States,0.02,B2C
561,MKC,MCCORMICK & CO NON-VOTING,Consumer Staples,NYSE,United States,0.02,B2C
562,BWA,BORGWARNER,Consumer Discretionary,NYSE,United States,0.02,B2B
563,BAX,BAXTER INTERNATIONAL,Health Care,NYSE,United States,0.02,B2B
564,TXRH,TEXAS ROADHOUSE INC,Consumer Discretionary,NASDAQ,United States,0.02,B2C
565,TYL,TYLER TECHNOLOGIES,Information Technology,NYSE,United States,0.02,B2B
566,CRL,CHARLES RIVER LABORATORIES INTERNA,Health Care,NYSE,United States,0.02,B2B
567,OHI,OMEGA HEALTHCARE INVESTORS REIT,Real Estate,NYSE,United States,0.02,B2B
568,BBIO,BRIDGEBIO PHARMA,Health Care,NASDAQ,United States,0.02,B2B
569,DTM,DT MIDSTREAM INC,Energy,NYSE,United States,0.02,B2B
570,GGG,GRACO,Industrials,NYSE,United States,0.02,B2B
571,HAS,HASBRO,Consumer Discretionary,NASDAQ,United States,0.02,B2C
572,CG,CARLYLE GROUP INC,Financials,NASDAQ,United States,0.02,B2B
573,RNR,RENAISSANCERE HOLDING,Financials,NYSE,United States,0.02,B2B
574,CRCL,CIRCLE INTERNET GROUP CLASS A,Information Technology,NYSE,United States,0.02,B2B
575,SGI,SOMNIGROUP INTERNATIONAL,Consumer Discretionary,NYSE,United States,0.02,Both
576,MEDP,MEDPACE HOLDINGS,Health Care,NASDAQ,United States,0.02,B2B
577,LII,LENNOX INTERNATIONAL INC,Industrials,NYSE,United States,0.02,Both
578,CSGP,COSTAR GROUP,Real Estate,NASDAQ,United States,0.02,Both
579,TRMB,TRIMBLE INC,Information Technology,NASDAQ,United States,0.02,B2B
580,FIVE,FIVE BELOW,Consumer Discretionary,NASDAQ,United States,0.02,B2C
581,GDDY,GODADDY CLASS A,Information Technology,NYSE,United States,0.02,Both
582,LAMR,LAMAR ADVERTISING COMPANY CLAS,Real Estate,NASDAQ,United States,0.02,B2B
583,CCK,CROWN HOLDINGS INC,Materials,NYSE,United States,0.02,B2B
584,DECK,DECKERS OUTDOOR,Consumer Discretionary,NYSE,United States,0.02,B2C
585,AIT,APPLIED INDUSTRIAL TECHNOLOGIES IN,Industrials,NYSE,United States,0.02,B2B
586,RVTY,REVVITY,Health Care,NYSE,United States,0.02,B2B
587,FOXA,FOX CLASS A,Communication,NASDAQ,United States,0.02,Both
588,AA,ALCOA CORP,Materials,NYSE,United States,0.02,B2B
589,BMRN,BIOMARIN PHARMACEUTICAL,Health Care,NASDAQ,United States,0.02,B2B
590,DKS,DICKS SPORTING,Consumer Discretionary,NYSE,United States,0.02,B2C
591,SF,STIFEL FINANCIAL,Financials,NYSE,United States,0.02,Both
592,CLX,CLOROX,Consumer Staples,NYSE,United States,0.02,B2C
593,SOLV,SOLVENTUM,Health Care,NYSE,United States,0.02,B2B
594,HII,HUNTINGTON INGALLS INDUSTRIES,Industrials,NYSE,United States,0.02,B2B
595,WBS,WEBSTER FINANCIAL,Financials,NYSE,United States,0.02,Both
596,FNF,FIDELITY NATIONAL FINANCIAL INC,Financials,NYSE,United States,0.02,Both
597,LVS,LAS VEGAS SANDS,Consumer Discretionary,NYSE,United States,0.02,B2C
598,EXEL,EXELIXIS INC,Health Care,NASDAQ,United States,0.02,B2B
599,ECHO,ECHOSTAR CLASS A,Communication,NASDAQ,United States,0.02,Both
600,GNRC,GENERAC HOLDINGS,Industrials,NYSE,United States,0.02,Both
601,SJM,JM SMUCKER,Consumer Staples,NYSE,United States,0.02,B2C
602,AEIS,ADVANCED ENERGY INDUSTRIES,Information Technology,NASDAQ,United States,0.02,B2B
603,ALLY,ALLY FINANCIAL INC,Financials,NYSE,United States,0.02,Both
604,TW,TRADEWEB MARKETS INC CLASS A,Financials,NASDAQ,United States,0.02,B2B
605,OC,OWENS CORNING,Industrials,NYSE,United States,0.02,Both
606,ELS,EQUITY LIFESTYLE PROPERTIES REIT I,Real Estate,NYSE,United States,0.02,B2C
607,DOCU,DOCUSIGN,Information Technology,NASDAQ,United States,0.02,Both
608,SMTC,SEMTECH,Information Technology,NASDAQ,United States,0.02,B2B
609,PEN,PENUMBRA,Health Care,NYSE,United States,0.02,B2B
610,TKO,TKO GROUP HOLDINGS INC CLASS A,Communication,NYSE,United States,0.02,Both
611,FHN,FIRST HORIZON CORP,Financials,NYSE,United States,0.02,Both
612,HUBS,HUBSPOT,Information Technology,NYSE,United States,0.02,B2B
613,DKNG,DRAFTKINGS CLASS A,Consumer Discretionary,NASDAQ,United States,0.02,B2C
614,UDR,UDR REIT,Real Estate,NYSE,United States,0.02,B2C
615,ASND,ASCENDIS PHARMA,Health Care,NASDAQ,Denmark,0.02,B2B
616,CHTR,CHARTER COMMUNICATIONS CLASS A,Communication,NASDAQ,United States,0.02,Both
617,AGNC,AGNC INVESTMENT REIT,Financials,NASDAQ,United States,0.02,B2B
618,EHC,ENCOMPASS HEALTH CORP,Health Care,NYSE,United States,0.02,Both
619,DY,DYCOM INDUSTRIES INC,Industrials,NYSE,United States,0.02,B2B
620,BJ,BJS WHOLESALE CLUB HOLDINGS,Consumer Staples,NYSE,United States,0.02,B2C
621,PNW,PINNACLE WEST,Utilities,NYSE,United States,0.02,Both
622,MANH,MANHATTAN ASSOCIATES,Information Technology,NASDAQ,United States,0.02,B2B
623,IT,GARTNER,Information Technology,NYSE,United States,0.02,B2B
624,LULU,LULULEMON ATHLETICA,Consumer Discretionary,NASDAQ,United States,0.02,B2C
625,GLPI,GAMING AND LEISURE PROPERTIES REIT,Real Estate,NASDAQ,United States,0.02,B2B
626,HALO,HALOZYME THERAPEUTICS,Health Care,NASDAQ,United States,0.02,B2B
627,ALGN,ALIGN TECHNOLOGY,Health Care,NASDAQ,United States,0.02,Both
628,AMH,AMERICAN HOMES RENT REIT CLASS A,Real Estate,NYSE,United States,0.02,B2C
629,KTOS,KRATOS DEFENSE AND SECURITY SOLUTI,Industrials,NASDAQ,United States,0.02,B2B
630,WTRG,ESSENTIAL UTILITIES INC,Utilities,NYSE,United States,0.02,Both
631,IVZ,INVESCO LTD,Financials,NYSE,United States,0.02,Both
632,ARWR,ARROWHEAD PHARMACEUTICALS,Health Care,NASDAQ,United States,0.02,B2B
633,JKHY,JACK HENRY AND ASSOCIATES INC,Financials,NASDAQ,United States,0.02,B2B
634,TECH,BIO TECHNE,Health Care,NASDAQ,United States,0.02,B2B
635,BPOP,POPULAR INC,Financials,NASDAQ,United States,0.02,Both
636,EVR,EVERCORE CLASS A,Financials,NYSE,United States,0.02,B2B
637,PINS,PINTEREST CLASS A,Communication,NYSE,United States,0.02,Both
638,KNX,KNIGHT-SWIFT TRANSPORTATION HOLDIN,Industrials,NYSE,United States,0.02,B2B
639,RRX,REGAL REXNORD,Industrials,NYSE,United States,0.02,B2B
640,HL,HECLA MINING,Materials,NYSE,United States,0.02,B2B
641,DCI,DONALDSON,Industrials,NYSE,United States,0.02,B2B
642,AYI,ACUITY,Industrials,NYSE,United States,0.02,B2B
643,SCI,SERVICE,Consumer Discretionary,NYSE,United States,0.02,B2C
644,ELAN,ELANCO ANIMAL HEALTH,Health Care,NYSE,United States,0.02,Both
645,ROL,ROLLINS INC,Industrials,NYSE,United States,0.02,Both
646,SEIC,SEI INVESTMENTS,Financials,NASDAQ,United States,0.02,Both
647,BXP,BXP,Real Estate,NYSE,United States,0.02,B2B
648,LFUS,LITTELFUSE,Information Technology,NASDAQ,United States,0.02,B2B
649,WSO,WATSCO,Industrials,NYSE,United States,0.02,B2B
650,CPT,CAMDEN PROPERTY TRUST REIT,Real Estate,NYSE,United States,0.02,B2C
651,COKE,COCA COLA CONSOLIDATED INC,Consumer Staples,NASDAQ,United States,0.02,B2C
652,GFL,GFL ENVIRONMENTAL SUBORDINATE VOTI,Industrials,NYSE,Canada,0.01,Both
653,WTFC,WINTRUST FINANCIAL CORP,Financials,NASDAQ,United States,0.01,Both
654,EGP,EASTGROUP PROPERTIES REIT,Real Estate,NYSE,United States,0.01,B2B
655,SSB,SOUTHSTATE BANK CORP,Financials,NYSE,United States,0.01,Both
656,NWSA,NEWS CLASS A,Communication,NASDAQ,United States,0.01,Both
657,DOCN,DIGITALOCEAN HOLDINGS,Information Technology,NYSE,United States,0.01,B2B
658,CR,CRANE,Industrials,NYSE,United States,0.01,B2B
659,AR,ANTERO RESOURCES,Energy,NYSE,United States,0.01,B2B
660,RMBS,RAMBUS,Information Technology,NASDAQ,United States,0.01,B2B
661,PNR,PENTAIR,Industrials,NYSE,United States,0.01,Both
662,ARW,ARROW ELECTRONICS,Information Technology,NYSE,United States,0.01,B2B
663,MOD,MODINE MANUFACTURING,Industrials,NYSE,United States,0.01,B2B
664,WMS,ADVANCED DRAINAGE SYSTEMS INC,Industrials,NYSE,United States,0.01,B2B
665,ZION,ZIONS BANCORPORATION,Financials,NASDAQ,United States,0.01,Both
666,MOH,MOLINA HEALTHCARE INC,Health Care,NYSE,United States,0.01,Both
667,W,WAYFAIR CLASS A,Consumer Discretionary,NYSE,United States,0.01,B2C
668,SANM,SANMINA CORP,Information Technology,NASDAQ,United States,0.01,B2B
669,DAR,DARLING INGREDIENTS,Consumer Staples,NYSE,United States,0.01,B2B
670,DPZ,DOMINOS PIZZA,Consumer Discretionary,NASDAQ,United States,0.01,B2C
671,WTS,WATTS WATER TECHNOLOGIES CLASS A,Industrials,NYSE,United States,0.01,B2B
672,AES,AES,Utilities,NYSE,United States,0.01,Both
673,CORT,CORCEPT THERAPEUTICS,Health Care,NASDAQ,United States,0.01,B2B
674,APTV,APTIV PLC,Consumer Discretionary,NYSE,United States,0.01,B2B
675,SWKS,SKYWORKS SOLUTIONS,Information Technology,NASDAQ,United States,0.01,B2B
676,FDS,FACTSET RESEARCH SYSTEMS,Financials,NYSE,United States,0.01,B2B
677,FLS,FLOWSERVE,Industrials,NYSE,United States,0.01,B2B
678,PODD,INSULET,Health Care,NASDAQ,United States,0.01,Both
679,ALSN,ALLISON TRANSMISSION HOLDINGS,Industrials,NYSE,United States,0.01,B2B
680,SPXC,SPX TECHNOLOGIES INC,Industrials,NYSE,United States,0.01,B2B
681,BMNR,BITMINE IMMERSION TECHNOLOGIES,Information Technology,NYSE,United States,0.01,B2B
682,ENSG,ENSIGN GROUP,Health Care,NASDAQ,United States,0.01,Both
683,CGNX,COGNEX,Information Technology,NASDAQ,United States,0.01,B2B
684,AHR,AMERICAN HEALTHCARE REIT,Real Estate,NYSE,United States,0.01,B2B
685,FRT,FEDERAL REALTY INVESTMENT TRUST RE,Real Estate,NYSE,United States,0.01,B2B
686,FORM,FORMFACTOR INC,Information Technology,NASDAQ,United States,0.01,B2B
687,AAOI,APPLIED OPTOELECTRONICS,Information Technology,NASDAQ,United States,0.01,B2B
688,SAIA,SAIA INC,Industrials,NASDAQ,United States,0.01,B2B
689,SOLS,SOLSTICE ADVANCED MATERIALS INC,Materials,NASDAQ,United States,0.01,B2B
690,AAL,AMERICAN AIRLINES GROUP,Industrials,NASDAQ,United States,0.01,Both
691,CFR,CULLEN FROST BANKERS INC,Financials,NYSE,United States,0.01,Both
692,VIAV,VIAVI SOLUTIONS,Information Technology,NASDAQ,United States,0.01,B2B
693,R,RYDER SYSTEM,Industrials,NYSE,United States,0.01,B2B
694,NYT,NEW YORK TIMES CLASS A,Communication,NYSE,United States,0.01,Both
695,ORI,OLD REPUBLIC INTERNATIONAL,Financials,NYSE,United States,0.01,Both
696,PRI,PRIMERICA,Financials,NYSE,United States,0.01,B2C
697,GMED,GLOBUS MEDICAL CLASS A,Health Care,NYSE,United States,0.01,B2B
698,AFG,AMERICAN FINANCIAL GROUP,Financials,NYSE,United States,0.01,Both
699,MUSA,MURPHY USA,Consumer Discretionary,NYSE,United States,0.01,B2C
700,OGE,OGE ENERGY,Utilities,NYSE,United States,0.01,Both
701,TTEK,TETRA TECH INC,Industrials,NASDAQ,United States,0.01,B2B
702,BAH,BOOZ ALLEN HAMILTON HOLDING CLASS,Industrials,NYSE,United States,0.01,B2B
703,OSK,OSHKOSH CORP,Industrials,NYSE,United States,0.01,B2B
704,RRC,RANGE RESOURCES,Energy,NYSE,United States,0.01,B2B
705,CUBE,CUBESMART REIT,Real Estate,NYSE,United States,0.01,B2C
706,AMG,AFFILIATED MANAGERS GROUP,Financials,NYSE,United States,0.01,Both
707,BRX,BRIXMOR PROPERTY GROUP REIT INC,Real Estate,NYSE,United States,0.01,B2B
708,VOYA,VOYA FINANCIAL,Financials,NYSE,United States,0.01,Both
709,VMI,VALMONT INDS,Industrials,NYSE,United States,0.01,B2B
710,COLB,COLUMBIA BANKING SYSTEM INC,Financials,NASDAQ,United States,0.01,Both
711,TTC,TORO,Industrials,NYSE,United States,0.01,Both
712,AXSM,AXSOME THERAPEUTICS,Health Care,NASDAQ,United States,0.01,B2B
713,IONS,IONIS PHARMACEUTICALS,Health Care,NASDAQ,United States,0.01,B2B
714,AVTR,AVANTOR,Health Care,NYSE,United States,0.01,B2B
715,BEN,FRANKLIN RESOURCES INC,Financials,NYSE,United States,0.01,Both
716,PAYC,PAYCOM SOFTWARE,Industrials,NYSE,United States,0.01,B2B
717,CNH,CNH INDUSTRIAL N.V. NV,Industrials,NYSE,United States,0.01,B2B
718,MDGL,MADRIGAL PHARMACEUTICALS,Health Care,NASDAQ,United States,0.01,B2B
719,UHS,UNIVERSAL HEALTH SERVICES INC CLAS,Health Care,NYSE,United States,0.01,Both
720,QGEN,QIAGEN,Health Care,NYSE,Germany,0.01,B2B
721,ESI,ELEMENT SOLUTIONS INC,Materials,NYSE,United States,0.01,B2B
722,HSIC,HENRY SCHEIN,Health Care,NASDAQ,United States,0.01,B2B
723,MTCH,MATCH GROUP INC,Communication,NASDAQ,United States,0.01,B2C
724,RGEN,REPLIGEN,Health Care,NASDAQ,United States,0.01,B2B
725,WAL,WESTERN ALLIANCE,Financials,NYSE,United States,0.01,Both
726,NCLH,NORWEGIAN CRUISE LINE HOLDINGS,Consumer Discretionary,NYSE,United States,0.01,B2C
727,NNN,NNN REIT,Real Estate,NYSE,United States,0.01,B2B
728,CNM,CORE & MAIN INC CLASS A,Industrials,NYSE,United States,0.01,B2B
729,PB,PROSPERITY BANCSHARES,Financials,NYSE,United States,0.01,Both
730,ADC,AGREE REALTY REIT,Real Estate,NYSE,United States,0.01,B2B
731,KMX,CARMAX INC,Consumer Discretionary,NYSE,United States,0.01,B2C
732,JEF,JEFFERIES FINANCIAL GROUP INC,Financials,NYSE,United States,0.01,B2B
733,TIGO,MILLICOM INTERNATIONAL CELLULAR,Communication,NASDAQ,Sweden,0.01,Both
734,EMN,EASTMAN CHEMICAL,Materials,NYSE,United States,0.01,B2B
735,LAD,LITHIA MOTORS INC CLASS A,Consumer Discretionary,NYSE,United States,0.01,B2C
736,CRBG,COREBRIDGE FINANCIAL INC,Financials,NYSE,United States,0.01,Both
737,QRVO,QORVO,Information Technology,NASDAQ,United States,0.01,B2B
738,ATR,APTARGROUP,Materials,NYSE,United States,0.01,B2B
739,CHYM,CHIME FINANCIAL CLASS A,Financials,NASDAQ,United States,0.01,B2C
740,OWL,BLUE OWL CAPITAL CLASS A,Financials,NYSE,United States,0.01,B2B
741,ARE,ALEXANDRIA REAL ESTATE EQUITIES RE,Real Estate,NYSE,United States,0.01,B2B
742,KNSL,KINSALE CAPITAL GROUP INC,Financials,NYSE,United States,0.01,B2B
743,REXR,REXFORD INDUSTRIAL REALTY REIT,Real Estate,NYSE,United States,0.01,B2B
744,MGM,MGM RESORTS INTERNATIONAL,Consumer Discretionary,NYSE,United States,0.01,B2C
745,RAL,RALLIANT,Information Technology,NYSE,United States,0.01,B2B
746,TKR,TIMKEN,Industrials,NYSE,United States,0.01,B2B
747,LNC,LINCOLN NATIONAL CORP,Financials,NYSE,United States,0.01,Both
748,ACM,AECOM,Industrials,NYSE,United States,0.01,B2B
749,AXTA,AXALTA COATING SYSTEMS,Materials,NYSE,United States,0.01,B2B
750,FR,FIRST INDUSTRIAL REALTY TRUST,Real Estate,NYSE,United States,0.01,B2B
751,AUR,AURORA INNOVATION CLASS A,Information Technology,NASDAQ,United States,0.01,B2B
752,TPG,TPG INC CLASS A,Financials,NASDAQ,United States,0.01,B2B
753,MP,MP MATERIALS CORP CLASS A,Materials,NYSE,United States,0.01,B2B
754,FOX,FOX CLASS B,Communication,NASDAQ,United States,0.01,Both
755,SSD,SIMPSON MANUFACTURING,Industrials,NYSE,United States,0.01,B2B
756,CBSH,COMMERCE BANCSHARES,Financials,NASDAQ,United States,0.01,Both
757,PCOR,PROCORE TECHNOLOGIES INC,Information Technology,NYSE,United States,0.01,B2B
758,WYNN,WYNN RESORTS,Consumer Discretionary,NASDAQ,United States,0.01,B2C
759,AWI,ARMSTRONG WORLD INDUSTRIES,Industrials,NYSE,United States,0.01,B2B
760,AVT,AVNET INC,Information Technology,NASDAQ,United States,0.01,B2B
761,APLD,APPLIED DIGITAL CORP,Information Technology,NASDAQ,United States,0.01,B2B
762,UGI,UGI,Utilities,NYSE,United States,0.01,Both
763,VNOM,VIPER ENERGY INC CLASS A,Energy,NASDAQ,United States,0.01,B2B
764,NFG,NATIONAL FUEL GAS,Utilities,NYSE,United States,0.01,Both
765,SFM,SPROUTS FARMERS MARKET INC,Consumer Staples,NASDAQ,United States,0.01,B2C
766,BLDR,BUILDERS FIRSTSOURCE INC,Industrials,NYSE,United States,0.01,B2B
767,THG,HANOVER INSURANCE GROUP,Financials,NYSE,United States,0.01,Both
768,CART,MAPLEBEAR,Consumer Staples,NASDAQ,United States,0.01,Both
769,HXL,HEXCEL,Industrials,NYSE,United States,0.01,B2B
770,S,SENTINELONE INC CLASS A,Information Technology,NYSE,United States,0.01,B2B
771,OMF,ONEMAIN HOLDINGS,Financials,NYSE,United States,0.01,B2C
772,GME,GAMESTOP CLASS A,Consumer Discretionary,NYSE,United States,0.01,B2C
773,IDA,IDACORP,Utilities,NYSE,United States,0.01,Both
774,ESTC,ELASTIC,Information Technology,NYSE,United States,0.01,B2B
775,CHRD,CHORD ENERGY,Energy,NASDAQ,United States,0.01,B2B
776,AM,ANTERO MIDSTREAM,Energy,NYSE,United States,0.01,B2B
777,ETSY,ETSY,Consumer Discretionary,NYSE,United States,0.01,B2C
778,AXS,AXIS CAPITAL HOLDINGS,Financials,NYSE,United States,0.01,B2B
779,CAG,CONAGRA BRANDS,Consumer Staples,NYSE,United States,0.01,B2C
780,LW,LAMB WESTON HOLDINGS,Consumer Staples,NYSE,United States,0.01,Both
781,NOV,NOV INC,Energy,NYSE,United States,0.01,B2B
782,KEX,KIRBY CORP,Industrials,NYSE,United States,0.01,B2B
783,AOS,A O SMITH,Industrials,NYSE,United States,0.01,Both
784,AMKR,AMKOR TECHNOLOGY,Information Technology,NASDAQ,United States,0.01,B2B
785,CAVA,CAVA GROUP,Consumer Discretionary,NYSE,United States,0.01,B2C
786,FAF,FIRST AMERICAN FINANCIAL CORP,Financials,NYSE,United States,0.01,Both
787,WEX,WEX,Financials,NYSE,United States,0.01,B2B
788,HLI,HOULIHAN LOKEY INC CLASS A,Financials,NYSE,United States,0.01,B2B
789,AVAV,AEROVIRONMENT INC,Industrials,NASDAQ,United States,0.01,B2B
790,HRL,HORMEL FOODS CORP,Consumer Staples,NYSE,United States,0.01,B2C
791,ECG,EVERUS CONSTRUCTION GROUP,Industrials,NYSE,United States,0.01,B2B
792,H,HYATT HOTELS CORP CLASS A,Consumer Discretionary,NYSE,United States,0.01,B2C
793,HRB,H&R BLOCK INC,Consumer Discretionary,NYSE,United States,0.01,B2C
794,VNO,VORNADO REALTY TRUST REIT,Real Estate,NYSE,United States,0.01,B2B
795,GTES,GATES INDUSTRIAL PLC,Industrials,NYSE,United States,0.01,B2B
796,MOS,MOSAIC,Materials,NYSE,United States,0.01,B2B
797,ONON,ON HOLDING AG CLASS A,Consumer Discretionary,NYSE,United States,0.01,B2C
798,CHE,CHEMED CORP,Health Care,NYSE,United States,0.01,Both
799,STAG,STAG INDUSTRIAL REIT,Real Estate,NYSE,United States,0.01,B2B
800,MHK,MOHAWK INDUSTRIES,Consumer Discretionary,NYSE,United States,0.01,Both
801,PL,PLANET LABS CLASS A,Industrials,NYSE,United States,0.01,B2B
802,CLF,CLEVELAND CLIFFS INC,Materials,NYSE,United States,0.01,B2B
803,MSA,MSA SAFETY,Industrials,NYSE,United States,0.01,B2B
804,PCTY,PAYLOCITY HOLDING CORP,Industrials,NASDAQ,United States,0.01,B2B
805,INGR,INGREDION INC,Consumer Staples,NYSE,United States,0.01,B2B
806,FNB,FNB CORP,Financials,NYSE,United States,0.01,Both
807,PATH,UIPATH INC CLASS A,Information Technology,NYSE,United States,0.01,B2B
808,WFRD,WEATHERFORD INTERNATIONAL PLC,Energy,NASDAQ,United States,0.01,B2B
809,POOL,POOL,Consumer Discretionary,NASDAQ,United States,0.01,B2B
810,MSGS,MADISON SQUARE GARDEN SPORTS CLASS,Communication,NYSE,United States,0.01,B2C
811,LKQ,LKQ CORP,Consumer Discretionary,NASDAQ,United States,0.01,Both
812,EXP,EAGLE MATERIALS INC,Materials,NYSE,United States,0.01,B2B
813,UHALB,U HAUL NON VOTING SERIES N,Industrials,NYSE,United States,0.01,B2C
814,RYN,RAYONIER REIT,Real Estate,NYSE,United States,0.01,B2B
815,BIO,BIO RAD LABORATORIES CLASS A,Health Care,NYSE,United States,0.01,B2B
816,OKLO,OKLO CLASS A,Utilities,NYSE,United States,0.01,B2B
817,GFS,GLOBALFOUNDRIES,Information Technology,NASDAQ,United States,0.01,B2B
818,XP,XP CLASS A INC,Financials,NASDAQ,Brazil,0.01,B2C
819,IESC,IES INC,Industrials,NASDAQ,United States,0.01,B2B
820,M,MACYS INC,Consumer Discretionary,NYSE,United States,0.01,B2C
821,ST,SENSATA TECHNOLOGIES HOLDING PLC,Industrials,NYSE,United States,0.01,B2B
822,TAP,MOLSON COORS BREWING CLASS B,Consumer Staples,NYSE,United States,0.01,B2C
823,LYFT,LYFT CLASS A,Industrials,NASDAQ,United States,0.01,B2C
824,BRKR,BRUKER,Health Care,NASDAQ,United States,0.01,B2B
825,MTG,MGIC INVESTMENT,Financials,NYSE,United States,0.01,B2B
826,LSTR,LANDSTAR SYSTEM,Industrials,NASDAQ,United States,0.01,B2B
827,CROX,CROCS,Consumer Discretionary,NASDAQ,United States,0.01,B2C
828,HR,HEALTHCARE REALTY TRUST INC CLASS,Real Estate,NYSE,United States,0.01,B2B
829,SARO,STANDARDAERO,Industrials,NYSE,United States,0.01,B2B
830,FND,FLOOR DECOR HOLDINGS CLASS A,Consumer Discretionary,NYSE,United States,0.01,Both
831,CRUS,CIRRUS LOGIC,Information Technology,NASDAQ,United States,0.01,B2B
832,FPS,FORGENT POWER SOLUTIONS CLASS A,Industrials,NYSE,United States,0.01,B2B
833,GTLB,GITLAB CLASS A,Information Technology,NASDAQ,United States,0.01,B2B
834,DOX,AMDOCS,Information Technology,NASDAQ,United States,0.01,B2B
835,TFX,TELEFLEX,Health Care,NYSE,United States,0.01,B2B
836,LEA,LEAR,Consumer Discretionary,NYSE,United States,0.01,B2B
837,CZR,CAESARS ENTERTAINMENT INC,Consumer Discretionary,NASDAQ,United States,0.01,B2C
838,MTDR,MATADOR RESOURCES,Energy,NYSE,United States,0.01,B2B
839,TTD,TRADE DESK INC CLASS A,Communication,NASDAQ,United States,0.01,B2B
840,AS,AMER SPORTS INC,Consumer Discretionary,NYSE,United States,0.01,B2C
841,AAON,AAON INC,Industrials,NASDAQ,United States,0.01,B2B
842,PRMB,PRIMO BRANDS CLASS A CORP,Consumer Staples,NYSE,United States,0.01,Both
843,BROS,DUTCH BROS CLASS A,Consumer Discretionary,NYSE,United States,0.01,B2C
844,AGCO,AGCO,Industrials,NYSE,United States,0.01,B2B
845,ULS,UL SOLUTIONS INC CLASS A,Industrials,NYSE,United States,0.01,B2B
846,WULF,TERAWULF,Information Technology,NASDAQ,United States,0.01,B2B
847,SON,SONOCO PRODUCTS,Materials,NYSE,United States,0.01,B2B
848,MBGL,MOBILITY GLOBAL INC,Industrials,NYSE,United States,0.01,B2B
849,POWL,POWELL INDUSTRIES INC,Industrials,NASDAQ,United States,0.01,B2B
850,Z,ZILLOW GROUP CLASS C,Real Estate,NASDAQ,United States,0.01,Both
851,TEM,TEMPUS AI INC CLASS A,Health Care,NASDAQ,United States,0.01,B2B
852,CHDN,CHURCHILL DOWNS,Consumer Discretionary,NASDAQ,United States,0.01,B2C
853,BSY,BENTLEY SYSTEMS INC CLASS B,Information Technology,NASDAQ,United States,0.01,B2B
854,MKTX,MARKETAXESS HOLDINGS,Financials,NASDAQ,United States,0.01,B2B
855,RITM,RITHM CAPITAL CORP,Financials,NYSE,United States,0.01,B2B
856,DVA,DAVITA INC,Health Care,NYSE,United States,0.01,Both
857,GXO,GXO LOGISTICS,Industrials,NYSE,United States,0.01,B2B
858,VSNT,VERSANT MEDIA GROUP INC CLASS A,Communication,NASDAQ,United States,0.01,Both
859,STWD,STARWOOD PROPERTY TRUST REIT INC,Financials,NYSE,United States,0.01,B2B
860,FBIN,FORTUNE BRANDS INNOVATIONS INC,Industrials,NYSE,United States,0.01,Both
861,FIG,FIGMA CLASS A,Information Technology,NYSE,United States,0.01,B2B
862,NEU,NEWMARKET,Materials,NYSE,United States,0.01,B2B
863,VICR,VICOR,Industrials,NASDAQ,United States,0.01,B2B
864,G,GENPACT,Industrials,NYSE,United States,0.01,B2B
865,DUOL,DUOLINGO CLASS A,Consumer Discretionary,NASDAQ,United States,0.01,B2C
866,ALGM,ALLEGRO MICROSYSTEMS INC,Information Technology,NASDAQ,United States,0.01,B2B
867,ALK,ALASKA AIR GROUP INC,Industrials,NYSE,United States,0.01,Both
868,OZK,BANK OZK,Financials,NASDAQ,United States,0.01,Both
869,DBX,DROPBOX INC CLASS A,Information Technology,NASDAQ,United States,0.01,Both
870,RLI,RLI CORP,Financials,NYSE,United States,0.01,B2B
871,ENPH,ENPHASE ENERGY,Information Technology,NASDAQ,United States,0.01,Both
872,WH,WYNDHAM HOTELS RESORTS,Consumer Discretionary,NYSE,United States,0.01,B2C
873,NXST,NEXSTAR MEDIA GROUP INC,Communication,NASDAQ,United States,0.01,Both
874,SAIC,SCIENCE APPLICATIONS INTERNATIONAL,Industrials,NASDAQ,United States,0.01,B2B
875,ELF,ELF BEAUTY,Consumer Staples,NYSE,United States,0.01,B2C
876,SHC,SOTERA HEALTH COMPANY,Health Care,NASDAQ,United States,0.01,B2B
877,MSM,MSC INDUSTRIAL CLASS A,Industrials,NYSE,United States,0.01,B2B
878,SLM,SLM CORP,Financials,NASDAQ,United States,0.01,B2C
879,VFC,VF CORP,Consumer Discretionary,NYSE,United States,0.01,B2C
880,BC,BRUNSWICK CORP,Consumer Discretionary,NYSE,United States,0.01,Both
881,CHWY,CHEWY INC CLASS A,Consumer Discretionary,NYSE,United States,0.01,B2C
882,MTN,VAIL RESORTS,Consumer Discretionary,NYSE,United States,0.01,B2C
883,EPAM,EPAM SYSTEMS,Information Technology,NYSE,United States,0.01,B2B
884,TREX,TREX,Industrials,NYSE,United States,0.01,Both
885,EXLS,EXLSERVICE HOLDINGS,Industrials,NASDAQ,United States,0.01,B2B
886,AN,AUTONATION,Consumer Discretionary,NYSE,United States,0.01,B2C
887,RNG,RINGCENTRAL INC CLASS A,Information Technology,NYSE,United States,0.01,B2B
888,WTM,WHITE MOUNTAINS INSURANCE GROUP,Financials,NYSE,United States,0.01,B2B
889,MIDD,MIDDLEBY,Industrials,NASDAQ,United States,0.01,Both
890,GNTX,GENTEX,Consumer Discretionary,NASDAQ,United States,0.01,B2B
891,KBR,KBR INC,Industrials,NYSE,United States,0.01,B2B
892,LLYVK,LIBERTY LIVE HOLDINGS INC SERIES C,Communication,NASDAQ,United States,0.01,Both
893,CUZ,COUSINS PROPERTIES REIT INC,Real Estate,NYSE,United States,0.01,B2B
894,SIRI,SIRIUSXM HOLDINGS,Communication,NASDAQ,United States,0.01,B2C
895,VNT,VONTIER,Information Technology,NYSE,United States,0.01,B2B
896,VIRT,VIRTU FINANCIAL INC CLASS A,Financials,NYSE,United States,0.01,B2B
897,ESAB,ESAB CORP,Industrials,NYSE,United States,0.01,B2B
898,CE,CELANESE CORP,Materials,NYSE,United States,0.01,B2B
899,BEPC,BROOKFIELD RENEWABLE SUBORDINATE V,Utilities,NYSE,Canada,0.01,B2B
900,LPX,LOUISIANA PACIFIC,Industrials,NYSE,United States,0.01,B2B
901,CELH,CELSIUS HOLDINGS,Consumer Staples,NASDAQ,United States,0.01,B2C
902,IRDM,IRIDIUM COMMUNICATIONS,Communication,NASDAQ,United States,0.01,Both
903,GAP,GAP,Consumer Discretionary,NYSE,United States,0.01,B2C
904,JHX,JAMES HARDIE INDUSTRIES PLC,Materials,NYSE,Australia,0.01,Both
905,NVST,ENVISTA HOLDINGS CORP,Health Care,NYSE,United States,0.01,B2B
906,OLLI,OLLIES BARGAIN OUTLET HOLDINGS INC,Consumer Discretionary,NASDAQ,United States,0.01,B2C
907,MRP,MILLROSE PROPERTIES INC CLASS A,Real Estate,NYSE,United States,0.01,B2B
908,CPB,CAMPBELL SOUP,Consumer Staples,NASDAQ,United States,0.01,B2C
909,RHI,ROBERT HALF,Industrials,NYSE,United States,0.01,B2B
910,EPR,EPR PROPERTIES REIT,Real Estate,NYSE,United States,0.01,B2B
911,FIGR,FIGURE TECHNOLOGY SOLUTIONS CLASS,Financials,NASDAQ,United States,0.01,Both
912,APPF,APPFOLIO CLASS A,Information Technology,NASDAQ,United States,0.01,B2B
913,SITE,SITEONE LANDSCAPE SUPPLY INC,Industrials,NYSE,United States,0.01,B2B
914,RYAN,RYAN SPECIALTY HOLDINGS INC CLASS,Financials,NYSE,United States,0.01,B2B
915,VVV,VALVOLINE INC,Consumer Discretionary,NYSE,United States,0.01,B2C
916,FCN,FTI CONSULTING INC,Industrials,NYSE,United States,0.01,B2B
917,COLD,AMERICOLD REALTY INC TRUST,Real Estate,NYSE,United States,0.01,B2B
918,TNL,TRAVEL LEISURE,Consumer Discretionary,NYSE,United States,0.01,B2C
919,HLNE,HAMILTON LANE CLASS A,Financials,NASDAQ,United States,0.01,B2B
920,PRIM,PRIMORIS SERVICES,Industrials,NYSE,United States,0.01,B2B
921,JBS,JBS N V NV CLASS A,Consumer Staples,NYSE,Brazil,0.01,Both
922,CCC,CCC INTELLIGENT SOLUTIONS HOLDINGS,Information Technology,NASDAQ,United States,0.01,B2B
923,MAT,MATTEL INC,Consumer Discretionary,NASDAQ,United States,0.01,B2C
924,KRC,KILROY REALTY REIT,Real Estate,NYSE,United States,0.01,B2B
925,GSAT,GLOBALSTAR VOTING,Communication,NASDAQ,United States,0.01,Both
926,BYD,BOYD GAMING,Consumer Discretionary,NYSE,United States,0.01,B2C
927,LAZ,LAZARD,Financials,NYSE,United States,0.01,B2B
928,NWS,NEWS CLASS B,Communication,NASDAQ,United States,0.01,Both
929,MDU,MDU RESOURCES GROUP,Utilities,NYSE,United States,0.01,Both
930,ADT,ADT INC,Consumer Discretionary,NYSE,United States,0.01,Both
931,BILL,BILL HOLDINGS,Information Technology,NYSE,United States,0.01,B2B
932,KRMN,KARMAN HOLDINGS INC,Industrials,NYSE,United States,0.01,B2B
933,THO,THOR INDUSTRIES,Consumer Discretionary,NYSE,United States,0.01,B2C
934,LBRDK,LIBERTY BROADBAND CORP SERIES C,Communication,NASDAQ,United States,0.01,Both
935,ACI,ALBERTSONS COMPANY CLASS A,Consumer Staples,NYSE,United States,0.01,B2C
936,LOPE,GRAND CANYON EDUCATION INC,Consumer Discretionary,NASDAQ,United States,0.01,Both
937,WSC,WILLSCOT HOLDINGS CLASS A,Industrials,NASDAQ,United States,0.01,B2B
938,CWEN,CLEARWAY ENERGY INC CLASS C,Utilities,NYSE,United States,0.01,B2B
939,MORN,MORNINGSTAR,Financials,NASDAQ,United States,0.01,Both
940,OLED,UNIVERSAL DISPLAY CORP,Information Technology,NASDAQ,United States,0.01,B2B
941,PVH,PVH,Consumer Discretionary,NYSE,United States,0.01,B2C
942,GLXY,GALAXY DIGITAL INC CLASS A,Financials,NASDAQ,United States,0.01,B2B
943,PAG,PENSKE AUTOMOTIVE GROUP VOTING INC,Consumer Discretionary,NYSE,United States,0.01,Both
944,DLB,DOLBY LABORATORIES CLASS A,Information Technology,NYSE,United States,0.01,Both
945,BFAM,BRIGHT HORIZONS FAMILY SOLUTIONS I,Consumer Discretionary,NYSE,United States,0.01,Both
946,PLNT,PLANET FITNESS INC CLASS A,Consumer Discretionary,NYSE,United States,0.01,B2C
947,BFB,BROWN FORMAN CLASS B,Consumer Staples,NYSE,United States,0.01,B2C
948,BBWI,BATH AND BODY WORKS,Consumer Discretionary,NYSE,United States,0.01,B2C
949,SLGN,SILGAN HOLDINGS,Materials,NYSE,United States,0.01,B2B
950,OGN,ORGANON,Health Care,NYSE,United States,0.01,B2B
951,YETI,YETI HOLDINGS,Consumer Discretionary,NYSE,United States,0.00,B2C
952,FHB,FIRST HAWAIIAN,Financials,NASDAQ,United States,0.00,Both
953,GPK,GRAPHIC PACKAGING HOLDING,Materials,NYSE,United States,0.00,B2B
954,BHF,BRIGHTHOUSE FINANCIAL,Financials,NASDAQ,United States,0.00,B2C
955,VKTX,VIKING THERAPEUTICS INC,Health Care,NASDAQ,United States,0.00,B2B
956,DOCS,DOXIMITY CLASS A,Health Care,NYSE,United States,0.00,B2B
957,FRPT,FRESHPET,Consumer Staples,NASDAQ,United States,0.00,B2C
958,DRS,LEONARDO DRS INC,Industrials,NASDAQ,United States,0.00,B2B
959,AMTM,AMENTUM HOLDINGS,Industrials,NYSE,United States,0.00,B2B
960,POST,POST HOLDINGS,Consumer Staples,NYSE,United States,0.00,B2C
961,KD,KYNDRYL HOLDINGS,Information Technology,NYSE,United States,0.00,B2B
962,AGO,ASSURED GUARANTY LTD,Financials,NYSE,United States,0.00,B2B
963,WING,WINGSTOP,Consumer Discretionary,NASDAQ,United States,0.00,B2C
964,LOAR,LOAR HOLDINGS,Industrials,NYSE,United States,0.00,B2B
965,QS,QUANTUMSCAPE CLASS A,Consumer Discretionary,NASDAQ,United States,0.00,B2B
966,LINE,LINEAGE,Real Estate,NASDAQ,United States,0.00,B2B
967,HAYW,HAYWARD HOLDINGS,Industrials,NYSE,United States,0.00,Both
968,AUGO,AURA MINERALS INC,Materials,NASDAQ,Brazil,0.00,B2B
969,ALM,ALMONTY INDUSTRIES,Materials,NASDAQ,Canada,0.00,B2B
970,EEFT,EURONET WORLDWIDE INC,Financials,NASDAQ,United States,0.00,Both
971,PEGA,PEGASYSTEMS,Information Technology,NASDAQ,United States,0.00,B2B
972,BOKF,BOK FINANCIAL CORP,Financials,NASDAQ,United States,0.00,Both
973,CAI,CARIS LIFE SCIENCES,Health Care,NASDAQ,United States,0.00,B2B
974,SMG,SCOTTS MIRACLE GRO,Materials,NYSE,United States,0.00,B2C
975,CHH,CHOICE HOTELS INTERNATIONAL,Consumer Discretionary,NYSE,United States,0.00,B2C
976,FOUR,SHIFT4 PAYMENTS CLASS A,Financials,NYSE,United States,0.00,B2B
977,KVYO,KLAVIYO SERIES A,Information Technology,NYSE,United States,0.00,B2B
978,WLK,WESTLAKE CORP,Materials,NYSE,United States,0.00,B2B
979,FRHC,FREEDOM HOLDING CORP,Financials,NASDAQ,United States,0.00,B2C
980,PPLI,PEOPLE,Communication,NASDAQ,United States,0.00,Both
981,UI,UBIQUITI,Information Technology,NYSE,United States,0.00,Both
982,CAR,AVIS BUDGET GROUP INC,Industrials,NASDAQ,United States,0.00,Both
983,FWONA,LIBERTY MEDIA FORMULA ONE SERIES A,Communication,NASDAQ,United States,0.00,Both
984,WHR,WHIRLPOOL,Consumer Discretionary,NYSE,United States,0.00,Both
985,HHH,HOWARD HUGHES HOLDINGS INC,Real Estate,NYSE,United States,0.00,Both
986,CACC,CREDIT ACCEPTANCE CORP,Financials,NASDAQ,United States,0.00,Both
987,OLN,OLIN CORP,Materials,NYSE,United States,0.00,B2B
988,WU,WESTERN UNION,Financials,NYSE,United States,0.00,B2C
989,MPT,MEDICAL PROPERTIES TRUST REIT INC,Real Estate,NYSE,United States,0.00,B2B
990,IPGP,IPG PHOTONICS CORP,Information Technology,NASDAQ,United States,0.00,B2B
991,LLYVA,LIBERTY LIVE HOLDINGS INC SERIES A,Communication,NASDAQ,United States,0.00,Both
992,DDS,DILLARDS INC CLASS A,Consumer Discretionary,NYSE,United States,0.00,B2C
993,MFP,MIDERA FOOD PROCESSING INC,Industrials,NASDAQ,United States,0.00,B2B
994,PSN,PARSONS CORP,Industrials,NYSE,United States,0.00,B2B
995,LBTYA,LIBERTY GLOBAL LTD CLASS A,Communication,NASDAQ,United States,0.00,Both
996,ZG,ZILLOW GROUP CLASS A,Real Estate,NASDAQ,United States,0.00,Both
997,SNDR,SCHNEIDER NATIONAL CLASS B,Industrials,NYSE,United States,0.00,B2B
998,BIRK,BIRKENSTOCK HOLDING PLC,Consumer Discretionary,NYSE,United States,0.00,B2C
999,SMMT,SUMMIT THERAPEUTICS,Health Care,NASDAQ,United States,0.00,B2B
1000,LBTYK,LIBERTY GLOBAL LTD CLASS C,Communication,NASDAQ,United States,0.00,Both
1001,REYN,REYNOLDS CONSUMER PRODUCTS INC,Consumer Staples,NASDAQ,United States,0.00,B2C
1002,BFA,BROWN FORMAN CLASS A,Consumer Staples,NYSE,United States,0.00,B2C
1003,JAN,JANUS LIVING INC CLASS A,Real Estate,NYSE,United States,0.00,B2C
1004,FRMI,FERMI INC,Real Estate,NASDAQ,United States,0.00,B2B
1005,CNA,CNA FINANCIAL CORP,Financials,NYSE,United States,0.00,B2B
1006,MWH,SOLV ENERGY CLASS A INC,Industrials,NASDAQ,United States,0.00,B2B
1007,SEB,SEABOARD,Consumer Staples,Nyse Mkt Llc,United States,0.00,B2B
1008,INGM,INGRAM MICRO HOLDING,Information Technology,NYSE,United States,0.00,B2B
1009,SAIL,SAILPOINT,Information Technology,NASDAQ,United States,0.00,B2B
1010,COLM,COLUMBIA SPORTSWEAR,Consumer Discretionary,NASDAQ,United States,0.00,B2C
1011,PPC,PILGRIMS PRIDE CORP,Consumer Staples,NASDAQ,United States,0.00,Both
1012,TFSL,TFS FINANCIAL CORP,Financials,NASDAQ,United States,0.00,Both
1013,SFD,SMITHFIELD FOODS INC,Consumer Staples,NASDAQ,United States,0.00,B2C
1014,XE,X-ENERGY INC CLASS A,Industrials,NASDAQ,United States,0.00,B2B
1015,BLSH,BULLISH,Financials,NYSE,United States,0.00,B2B
1016,NIQ,NIQ GLOBAL INTELLIGENCE PLC,Communication,NYSE,United States,0.00,B2B
1017,LENB,LENNAR CORP CLASS B,Consumer Discretionary,NYSE,United States,0.00,B2C
1018,CBC,CENTRAL BANCOMPANY CLASS A,Financials,NASDAQ,United States,0.00,Both
1019,UHAL,U HAUL HOLDING,Industrials,NYSE,United States,0.00,B2C
1020,LBRDA,LIBERTY BROADBAND CORP SERIES A,Communication,NASDAQ,United States,0.00,Both
1021,UWMC,UWM HOLDINGS CLASS A,Financials,NYSE,United States,0.00,B2B
